Name,Agent,Magazine,Marketing Date,Campaign Completed,Type
Extended empowering budgetary management,Tammy Miller,Holiday Escapes - Issue 1,4/24/23,Yes,Social Media
Virtual disintermediate analyzer,Annette Schmidt,Holiday Escapes - Issue 4,4/3/21,No,Phone Call
Devolved fault-tolerant middleware,Karen Santos,Holiday Escapes - Issue 4,2/27/21,Yes,Email
Pre-emptive composite time-frame,William Smith,Holiday Escapes - Issue 11,7/27/24,No,Phone Call
Public-key zero tolerance application,Sarah Soto,Holiday Escapes - Issue 2,7/19/20,No,Newspaper
Centralized actuating info-mediaries,Loretta Diaz,Holiday Escapes - Issue 9,7/2/24,No,Direct Mail
Vision-oriented neutral approach,Kevin Butler,Holiday Escapes - Issue 2,8/14/23,No,Social Media
Profound multi-tasking concept,Kevin Butler,Holiday Escapes - Issue 8,6/9/23,Yes,Social Media
Centralized bi-directional utilization,Caroline Garner,Holiday Escapes - Issue 5,12/1/21,Yes,Email
Face-to-face secondary collaboration,Todd Fitzgerald,Holiday Escapes - Issue 12,8/2/24,No,Phone Call
Public-key multimedia emulation,Cynthia Jones,Holiday Escapes - Issue 8,6/23/24,Yes,Phone Call
Triple-buffered uniform focus group,Todd Fitzgerald,Holiday Escapes - Issue 2,7/26/20,Yes,Direct Mail
Polarized bifurcated encryption,Andrew Montgomery,Holiday Escapes - Issue 11,3/14/24,No,Direct Mail
Re-engineered next generation leverage,Courtney Higgins,Holiday Escapes - Issue 10,7/5/24,Yes,Email
Multi-layered tertiary approach,Annette Schmidt,Holiday Escapes - Issue 3,12/20/20,Yes,Social Media
Face-to-face analyzing installation,Victoria Daniels,Holiday Escapes - Issue 5,4/13/23,Yes,Direct Mail
Sharable hybrid access,William Smith,Holiday Escapes - Issue 8,6/10/24,Yes,Direct Mail
Synchronized 24hour database,Roger Johnson,Holiday Escapes - Issue 3,1/6/21,Yes,Direct Mail
Expanded executive forecast,Sarah Soto,Holiday Escapes - Issue 1,5/15/20,No,Social Media
Multi-layered tertiary encryption,Ashley Ramirez,Holiday Escapes - Issue 4,5/3/23,Yes,Social Media
Persistent intangible extranet,Lisa Montes,Holiday Escapes - Issue 9,7/18/24,No,Phone Call
Streamlined context-sensitive framework,Ashley Ramirez,Holiday Escapes - Issue 12,8/2/24,No,Email
Vision-oriented homogeneous time-frame,Caroline Garner,Holiday Escapes - Issue 2,6/14/23,Yes,Newspaper
Phased upward-trending help-desk,Caroline Garner,Holiday Escapes - Issue 4,5/29/24,No,Social Media
Multi-tiered bottom-line service-desk,Chase Ross,Holiday Escapes - Issue 4,7/28/24,Yes,Direct Mail
Organic 5thgeneration orchestration,Loretta Diaz,Holiday Escapes - Issue 2,10/18/21,Yes,Phone Call
Vision-oriented real-time workforce,Cheryl Smith,Holiday Escapes - Issue 2,5/29/21,Yes,Newspaper
Diverse logistical capability,Caroline Garner,Holiday Escapes - Issue 11,4/29/24,Yes,Newspaper
Re-contextualized foreground productivity,Andrew Montgomery,Holiday Escapes - Issue 12,8/5/24,Yes,Email
Networked heuristic throughput,Anna Cooper,Holiday Escapes - Issue 10,11/17/23,Yes,Social Media
Intuitive user-facing synergy,Roger Johnson,Holiday Escapes - Issue 9,2/23/23,No,Newspaper
Progressive dynamic synergy,Loretta Diaz,Holiday Escapes - Issue 7,5/23/23,Yes,Phone Call
Configurable local implementation,Karen Santos,Holiday Escapes - Issue 6,1/24/22,Yes,Social Media
Progressive system-worthy paradigm,Richard Elliott,Holiday Escapes - Issue 1,7/4/20,Yes,Email
Organized contextually-based strategy,Jeremy Morrison,Holiday Escapes - Issue 6,11/6/22,Yes,Phone Call
Customer-focused even-keeled workforce,Caroline Garner,Holiday Escapes - Issue 10,7/15/24,Yes,Direct Mail
Polarized cohesive access,Richard Elliott,Holiday Escapes - Issue 1,6/30/21,Yes,Social Media
Streamlined bottom-line paradigm,Chase Ross,Holiday Escapes - Issue 7,6/29/22,Yes,Phone Call
Universal human-resource encoding,Courtney Higgins,Holiday Escapes - Issue 12,8/6/24,Yes,Social Media
Exclusive scalable matrix,Lisa Montes,Holiday Escapes - Issue 11,3/4/24,Yes,Social Media
Persevering neutral productivity,Tammy Miller,Holiday Escapes - Issue 3,7/21/23,No,Phone Call
Fully-configurable object-oriented hierarchy,Ashley Ramirez,Holiday Escapes - Issue 11,2/14/24,Yes,Direct Mail
Horizontal asymmetric circuit,Sarah Soto,Holiday Escapes - Issue 4,11/17/23,No,Direct Mail
Right-sized next generation database,Jeremy Morrison,Holiday Escapes - Issue 7,3/4/24,Yes,Newspaper
Cross-group bifurcated methodology,Loretta Diaz,Holiday Escapes - Issue 4,4/8/22,Yes,Email
Optional didactic interface,Roger Johnson,Holiday Escapes - Issue 5,10/26/22,Yes,Phone Call
Cloned radical implementation,Caroline Garner,Holiday Escapes - Issue 8,5/4/24,Yes,Newspaper
Up-sized context-sensitive pricing structure,Lisa Montes,Holiday Escapes - Issue 11,7/4/24,Yes,Phone Call
Expanded content-based data-warehouse,Ashley Ramirez,Holiday Escapes - Issue 4,9/4/20,Yes,Direct Mail
Customizable high-level encoding,Chase Ross,Holiday Escapes - Issue 7,5/19/23,Yes,Newspaper
Cross-platform non-volatile orchestration,Andrew Montgomery,Holiday Escapes - Issue 7,5/27/23,Yes,Phone Call
Fully-configurable next generation synergy,Victoria Daniels,Holiday Escapes - Issue 4,8/14/21,Yes,Newspaper
Balanced discrete groupware,Cheryl Smith,Holiday Escapes - Issue 5,8/11/22,Yes,Direct Mail
Streamlined heuristic customer loyalty,Anna Cooper,Holiday Escapes - Issue 11,3/2/24,No,Phone Call
Re-engineered tangible protocol,Cynthia Jones,Holiday Escapes - Issue 3,10/31/20,Yes,Phone Call
Vision-oriented user-facing encoding,Annette Schmidt,Holiday Escapes - Issue 9,1/5/24,No,Social Media
Synergized object-oriented success,Courtney Higgins,Holiday Escapes - Issue 12,8/1/24,Yes,Social Media
Devolved dedicated hub,Anna Cooper,Holiday Escapes - Issue 10,11/28/23,Yes,Direct Mail
Multi-lateral user-facing infrastructure,Timothy Mcintyre,Holiday Escapes - Issue 8,1/31/24,Yes,Newspaper
Reactive even-keeled instruction set,Kevin Butler,Holiday Escapes - Issue 2,5/14/20,Yes,Phone Call
Monitored directional alliance,Lisa Montes,Holiday Escapes - Issue 8,5/11/23,No,Phone Call
Exclusive composite array,Todd Fitzgerald,Holiday Escapes - Issue 4,5/20/22,Yes,Phone Call
Down-sized transitional capability,Victoria Daniels,Holiday Escapes - Issue 11,3/26/24,Yes,Social Media
Polarized reciprocal conglomeration,Courtney Higgins,Holiday Escapes - Issue 11,6/13/24,Yes,Social Media
Operative explicit website,Kevin Butler,Holiday Escapes - Issue 9,9/6/23,No,Phone Call
Future-proofed system-worthy algorithm,Deborah Reese,Holiday Escapes - Issue 2,7/25/24,Yes,Direct Mail
Automated mobile installation,Annette Schmidt,Holiday Escapes - Issue 12,8/3/24,Yes,Direct Mail
Right-sized demand-driven task-force,Anna Cooper,Holiday Escapes - Issue 3,11/10/23,Yes,Newspaper
Business-focused multi-state groupware,Loretta Diaz,Holiday Escapes - Issue 9,7/11/24,Yes,Phone Call
Profit-focused background portal,Courtney Higgins,Holiday Escapes - Issue 8,8/26/23,Yes,Email
Team-oriented human-resource installation,Taylor Lee,Holiday Escapes - Issue 5,4/10/21,Yes,Social Media
Synergistic radical collaboration,Victoria Daniels,Holiday Escapes - Issue 9,4/21/24,Yes,Social Media
Multi-layered neutral analyzer,Chase Ross,Holiday Escapes - Issue 7,6/12/22,No,Newspaper
Organic interactive budgetary management,Richard Elliott,Holiday Escapes - Issue 3,12/6/22,Yes,Social Media
Extended bifurcated toolset,Timothy Mcintyre,Holiday Escapes - Issue 8,10/31/23,No,Direct Mail
Self-enabling exuding conglomeration,Catherine Parrish,Holiday Escapes - Issue 1,7/2/22,Yes,Email
Configurable secondary info-mediaries,Karen Santos,Holiday Escapes - Issue 6,10/22/22,Yes,Newspaper
Diverse executive utilization,Andrew Montgomery,Holiday Escapes - Issue 3,12/14/23,Yes,Social Media
Synchronized needs-based infrastructure,Taylor Lee,Holiday Escapes - Issue 5,4/6/22,No,Direct Mail
Re-contextualized bandwidth-monitored product,Kevin Butler,Holiday Escapes - Issue 2,10/26/20,Yes,Social Media
Assimilated object-oriented archive,Todd Fitzgerald,Holiday Escapes - Issue 5,7/21/21,Yes,Newspaper
Implemented exuding functionalities,Lisa Montes,Holiday Escapes - Issue 4,3/9/22,Yes,Social Media
Synergistic fresh-thinking protocol,Tammy Miller,Holiday Escapes - Issue 4,9/3/20,Yes,Phone Call
Progressive intangible time-frame,Annette Schmidt,Holiday Escapes - Issue 7,8/24/23,Yes,Phone Call
Multi-layered interactive artificial intelligence,Caroline Garner,Holiday Escapes - Issue 8,5/17/23,Yes,Email
Down-sized cohesive capability,Courtney Higgins,Holiday Escapes - Issue 9,3/28/24,Yes,Phone Call
Innovative system-worthy open architecture,Loretta Diaz,Holiday Escapes - Issue 5,6/16/22,No,Direct Mail
Multi-lateral composite framework,Cheryl Smith,Holiday Escapes - Issue 11,2/4/24,Yes,Direct Mail
Profound dedicated emulation,William Smith,Holiday Escapes - Issue 2,2/1/20,Yes,Phone Call
Virtual multimedia superstructure,Loretta Diaz,Holiday Escapes - Issue 3,5/8/22,Yes,Direct Mail
Distributed needs-based Local Area Network,Ashley Ramirez,Holiday Escapes - Issue 1,6/26/22,Yes,Direct Mail
Open-architected human-resource intranet,Cheryl Smith,Holiday Escapes - Issue 11,5/25/24,Yes,Phone Call
Mandatory value-added alliance,Cynthia Jones,Holiday Escapes - Issue 11,8/7/24,No,Email
Operative well-modulated policy,Chase Ross,Holiday Escapes - Issue 4,2/18/22,Yes,Phone Call
Configurable reciprocal complexity,Kevin Butler,Holiday Escapes - Issue 12,8/6/24,No,Newspaper
Vision-oriented 5thgeneration matrices,Annette Schmidt,Holiday Escapes - Issue 6,5/21/23,Yes,Social Media
Universal disintermediate software,Lisa Montes,Holiday Escapes - Issue 2,1/16/24,Yes,Newspaper
Versatile contextually-based help-desk,Annette Schmidt,Holiday Escapes - Issue 8,9/9/23,Yes,Newspaper
Extended background paradigm,Cynthia Jones,Holiday Escapes - Issue 3,3/11/22,Yes,Phone Call
User-friendly bifurcated service-desk,Cheryl Smith,Holiday Escapes - Issue 2,8/31/23,Yes,Direct Mail
