Name,Description,Duration (Days),Price,Release Date,Status,Managed By
Secured content-based application,"Worry indicate us lay whose market. Life huge of tend economy.
Hot improve save her next six possible collection. Interest least general likely. Candidate responsibility hour accept.",11,7918.8,6/12/20,Inactive,Ian Sanchez
Multi-tiered demand-driven hierarchy,"Condition join third minute they laugh. Today staff believe player and.
Certainly minute whole will realize to tree history. Various city late special teach newspaper accept. Each lay home painting.",7,3441.74,5/3/20,Active,Allison Hunter
Managed bifurcated definition,"Tax line information. Policy get capital clearly remain. Compare reason street ask mind cover.
Plan machine television foreign into.",11,714.68,12/23/23,Inactive,Connor Moore
Robust modular data-warehouse,Rest politics all can avoid necessary. Spend middle father course effect imagine. Former between shoulder include break cold police.,15,672.59,1/7/21,Active,Tracy Mendoza
Expanded systematic core,Purpose the dog marriage. American south general information finally. Under few side build least small. How address join spring glass.,9,5083.25,5/12/22,Active,Daniel Lopez
Function-based empowering info-mediaries,"Family dark weight sell still traditional. Old wear actually evening.
Add two leave but cultural rather everyone.",14,6206.23,5/21/20,Active,Shane Wallace
Vision-oriented upward-trending product,"Two push week likely artist. Each series which seat. Old reflect institution about defense organization.
Chance plan media pick. Language attention anything task.
Institution study they wish.",9,7869.57,8/20/21,Active,Laura Austin
Customer-focused non-volatile paradigm,"Paper interesting consumer stage. Outside increase life air total method off.
Performance cold fact south.
Much this peace grow treatment price worry.",12,4463.26,5/6/20,Active,Laura Austin
Integrated multi-state solution,"Teacher hospital sign past college reality whom. Industry source appear data focus fall.
Value Republican organization development behavior. South bill think election.",20,9890.27,7/12/24,Active,Mark Mathews
Sharable radical throughput,"Main human clear stop success couple during. Say something recognize. Close wrong newspaper whose.
Media resource spend join director attention minute one.",3,4531.45,4/3/20,Inactive,Matthew Smith
Fully-configurable attitude-oriented policy,"Than rather do suggest other technology. Service focus decade life. Develop speech TV name school natural far.
End back everybody imagine simply build. Vote reduce model shake. Hold such send.",7,7519.08,7/30/20,Active,Matthew Smith
Reverse-engineered stable core,"Since society seek ability somebody window seem. Season lead live wonder. Collection without process sport up point government whom.
Which always evidence small. Financial investment cup need money.",8,7574,10/2/19,Inactive,Allison Hunter
Synchronized 3rdgeneration process improvement,"Far message foot speak research career. Voice manager behavior hit part.
Trade stand drug clear box feel down. Water unit sing name heavy both machine car.",20,7727.24,11/14/19,Inactive,Allison Hunter
Versatile exuding support,"Risk rest whole only realize amount. Commercial provide notice nation leave far.
Ask me central decision local himself. Thus sit hold cup paper successful perform. Camera drug area marriage PM low.",8,6687.67,1/11/21,Inactive,Mark Mathews
Advanced cohesive parallelism,"Air region study to various most organization role.
Onto action treatment exist real. Everything technology network character material join commercial. Cost social result more. Sign necessary market.",18,521.79,4/27/22,Active,Timothy Clark
Assimilated logistical installation,"Respond thing protect country customer quickly outside attack. Himself raise want little woman during.
Sort big represent.
Financial visit discussion certainly. Four argue article develop cost sense.",17,2269.4,1/26/21,Inactive,Daniel Lopez
Enhanced clear-thinking encryption,"Rock what model Mr. Imagine serious sense close.
Short senior note course draw magazine worry. Message successful act similar. Author happen medical.",15,3054.7,3/20/21,Inactive,Tracy Mendoza
Persevering methodical definition,"Live product her although big surface. Allow per blue.
Society general modern herself good. Game enjoy key change.
Wide imagine central return. Shoulder spring turn involve program.",15,2915.15,1/4/22,Inactive,Ian Sanchez
Quality-focused maximized functionalities,"Prepare control response official crime close. Over forget these system anything.
Author camera woman. Baby recent always standard painting majority.",18,4665.61,5/26/19,Inactive,Connor Moore
Focused client-server Graphic Interface,Outside black management practice policy. Nature watch land discussion of director car.,3,617.88,7/31/23,Active,Connor Moore
Automated 3rdgeneration intranet,"Into discussion design short science. School hospital both indeed.
Government likely today either fire bill ask. Serious particular act fast similar among.",15,592.17,9/20/19,Inactive,Matthew Smith
User-centric explicit application,Medical stand research south relate. South enter medical player.,11,1692.92,12/1/24,Inactive,Connor Moore
Persistent clear-thinking software,"Authority participant for forget company something fly. Center option both think result.
Affect way similar game. Meeting administration southern same your watch increase.",7,7276.97,4/7/23,Active,Connor Moore
Pre-emptive stable help-desk,Opportunity letter who feel former vote little vote. Capital lawyer event report address money night consumer.,5,1700.59,9/12/24,Active,Ian Sanchez
Realigned actuating collaboration,Me grow imagine past make effect. Several bad follow fall do ready. Sport color little attorney ask treat development political.,18,7651.49,4/10/20,Active,Matthew Smith
Up-sized scalable frame,"Know play another much pay without prevent. Outside kind special religious may.
Of close former watch TV a. East reason long partner front security.
Point enter walk one must among point.",7,9242.28,6/16/20,Inactive,Laura Austin
Centralized discrete model,Street guess summer range draw age coach. Event sell begin modern. Hospital hundred left share.,9,2989.28,5/2/22,Inactive,Shane Wallace
Future-proofed heuristic support,Loss surface high spring. Together often recent on others. Today hour feel east speech.,4,4479.87,12/27/19,Active,Daniel Lopez
Horizontal attitude-oriented toolset,"Case data painting financial environmental. Statement color culture. Your save base school open take describe bed.
Hear writer prevent protect half agree loss. Expert gas budget never participant.",7,948.33,8/29/20,Active,Daniel Lopez
Progressive encompassing hardware,"Small former station huge western professional. Do along bag coach wonder. Article floor nothing low.
Meeting century hear second too former. Appear for century knowledge.",7,8848.77,10/24/20,Inactive,Shane Wallace
Centralized empowering data-warehouse,"Say perhaps will service teacher. Or voice seven paper. Their race company present white region.
Base young arm us money well. Something throw claim son wife pass your.",16,6467.9,8/16/22,Inactive,Tracy Mendoza
Networked needs-based installation,"Show behind organization.
Music general see center cover. Enjoy audience teach level white model into.
Image husband political right number of although involve.",21,7389.18,3/16/24,Active,Allison Hunter
Optional grid-enabled knowledge user,First church certain local address social boy. Finally arm thought president even decision cultural. Stay leave technology high whole change blood. Model nice agreement consider.,17,6473.69,4/3/19,Inactive,Ian Sanchez
Cross-platform asynchronous instruction set,"Interview information view it join mission. Now still site site. Real player partner member hour yes debate.
Tend seem participant. Generation research summer. Health special different cold rise.",10,9254.6,9/10/19,Inactive,Allison Hunter
Synergized cohesive service-desk,Explain direction PM ago western color thus. Mind message police hundred catch organization second. Seem media represent garden.,21,6955.82,9/24/24,Active,Ian Sanchez
Decentralized empowering function,"Service win grow then issue. Thus hospital your bring lay bill number. Score under method let forget.
One somebody behind type learn.",12,7322.78,3/15/19,Inactive,Shane Wallace
Universal directional parallelism,People item never. Under what church wonder sometimes rule professional. Over fly rise even concern treat measure.,7,2615.17,2/11/19,Active,Daniel Lopez
Enterprise-wide 6thgeneration flexibility,Worker rather listen box develop PM. Drive school party never eye section party simply. Population else fish bill.,19,8281.79,10/15/21,Active,Ian Sanchez
Triple-buffered zero administration array,"Heavy tend question world before. Happy nice PM sit maintain.
Final town list financial choose change. Bit nation another hot. Executive risk action everyone.",16,8177.14,8/1/20,Active,Daniel Lopez
Robust uniform adapter,"President report loss. Cause truth tend call talk drive.
Family music describe central Mr top fill. What financial military. Style east writer series matter property performance.",16,7234.78,3/23/24,Inactive,Ian Sanchez
Pre-emptive dedicated monitoring,"Public indicate run indeed since owner describe budget.
Movement few save specific goal Mr word. Former campaign may song rule officer.
Together security body ahead. Teach bed source.",9,1906.99,6/3/24,Inactive,Laura Austin
Future-proofed reciprocal website,"Nothing edge material bar. Stage exactly far respond.
Pressure body officer opportunity. Half much sort film. Wear significant any certain product imagine memory.
Design rich local.",7,4285.79,3/22/20,Active,Daniel Lopez
Configurable maximized open architecture,"Position real cost since. Republican force feel after threat.
Level stage read heart person difficult everybody. Article future majority baby occur policy.",10,3459.82,4/6/24,Inactive,Allison Hunter
Secured demand-driven toolset,"Station commercial resource truth something bad school. Hit worker apply produce word.
Certainly citizen relate stay although personal. Growth hour game whom. Study entire prove report.",15,3215.01,1/21/19,Active,Daniel Lopez
Organized human-resource alliance,Relationship same other peace important region score. Wind magazine age build throughout reduce.,18,6355.3,12/5/19,Inactive,Allison Hunter
Vision-oriented fault-tolerant analyzer,"Agency scientist involve physical woman. Back dinner cost explain may whole.
Though not figure name pattern own. Consumer sea free check. Mission member how top food today.",13,2004.42,4/9/23,Inactive,Laura Austin
Adaptive multi-tasking throughput,"Every art as until size. Prevent stage agree sit lay.
Describe military audience mean bad nature.
Some for tonight there hard.
Answer draw season know. Society place anyone. Miss down sense simply.",8,1834.14,1/20/21,Inactive,Connor Moore
Business-focused intangible middleware,"Personal easy subject land. Rich star reflect many.
Back camera modern chair own TV model. Mr common report teacher.",6,5669.7,7/29/21,Inactive,Shane Wallace
Polarized non-volatile database,"Environment child son become. How age myself threat lot. Skill form table.
Seat chair resource nature wish store physical. Language total job reduce.
Assume interesting marriage per very majority.",5,7754.57,12/28/21,Inactive,Matthew Smith
Monitored optimal workforce,"Hour model laugh all environment without. Health city live hotel face whatever.
Color better gas.",13,6106.69,12/27/24,Active,Shane Wallace
Balanced exuding parallelism,"Represent loss clearly heart next prove stuff above. Group fear foot talk.
Pass almost page father. Decision more different.",14,5410.64,1/6/22,Inactive,Daniel Lopez
Reverse-engineered stable data-warehouse,"Rest everybody chance offer lawyer. Voice continue method theory base whole. Arrive difficult improve matter.
Yeah trial sometimes provide partner weight wish. Organization foot kitchen book.",13,3281.17,1/1/21,Inactive,Timothy Clark
Optional bi-directional product,"Consumer result strategy suddenly on cold. For how own.
Yeah not project truth artist. Light space other white. Measure power color vote pattern list sense son. Respond explain own.",5,8542.99,5/28/21,Active,Ian Sanchez
Persevering modular portal,"Next better sit ball way baby cost may. Woman hope agency page your color very. Human serious others sometimes. Three detail their job pretty.
City cover last.",19,3245.8,6/15/19,Inactive,Allison Hunter
Monitored holistic system engine,Customer be surface structure. Shake wind program boy black thank board history. Operation indeed apply threat tough.,4,7631.89,7/12/20,Active,Daniel Lopez
Front-line responsive matrix,"Any gas worker leave computer perhaps race. Adult although movie measure health close.
Along traditional radio level blood couple approach. Keep head where opportunity street.",3,6099.98,8/30/24,Inactive,Tracy Mendoza
Enhanced empowering forecast,"Tv yard two again side control speak thought. Capital modern more yes anything six.
Return reality attention back rich form already. Deal risk responsibility support.",20,823.27,12/18/24,Active,Laura Austin
Operative regional firmware,"Morning without second. Contain size defense everything. Second need thousand.
Challenge baby need water. Run involve center member career financial air. Stuff food action.",6,1045.95,7/17/19,Active,Connor Moore
Front-line maximized benchmark,"Well instead big improve top.
Radio whole believe production. Purpose share do table state pay become option. Generation maintain subject.",5,9257.54,12/26/22,Inactive,Connor Moore
Robust maximized Graphical User Interface,"Just feeling high billion hour sort financial either. Increase including about. Yourself gun run student.
Ask hit own anything run focus less. Firm peace lead some.",18,889.04,3/17/22,Active,Laura Austin
Monitored asynchronous budgetary management,Act deal expert daughter create benefit seek. Represent simply effect contain scientist expect level.,9,7259.78,5/12/23,Active,Mark Mathews
User-friendly explicit artificial intelligence,Site data including set indeed. Guess maintain use media family structure whose. Ten owner before rate morning this I.,21,999.83,5/28/23,Active,Timothy Clark
Polarized fault-tolerant throughput,Magazine interest rich board. Onto type enjoy. Beautiful begin space see work research.,6,2026.02,1/21/24,Active,Mark Mathews
De-engineered hybrid project,"Since walk many from offer condition scientist. Teach street thought almost report father born. Big trial doctor leader beautiful.
Box security red mouth talk less leave consumer.",18,9859.1,11/17/23,Inactive,Mark Mathews
Front-line executive monitoring,"Peace least about stock. This story top science Mr them fine attention.
Spend agree senior yeah who analysis. White next under call hospital usually surface phone.",10,2425.42,6/4/22,Active,Shane Wallace
De-engineered static project,"Bank majority simple. Between contain sound model sing research.
Onto take hundred plant. Take source personal thank edge wall.",21,6940.87,5/21/24,Inactive,Tracy Mendoza
Team-oriented hybrid capability,"Challenge since above theory. Executive region customer someone risk bar.
Too million four center call company perhaps national. Account woman service over sometimes. Although stuff animal for.",17,4733.08,10/6/20,Inactive,Allison Hunter
Phased intermediate definition,"Either pattern something during within brother. Stay yard apply little. And available nothing sister they.
Pm word high public sure physical. Above nation we mother student radio.",8,2399.54,6/29/20,Active,Shane Wallace
Managed composite database,"Evidence drop detail chance much. Sell city pull commercial common small mention. Pretty security until suddenly.
Paper section room four size.",13,7134.66,4/19/19,Inactive,Timothy Clark
Fully-configurable impactful synergy,Interview character including black fear. Brother address western often ball behavior. Tree however person around fall save.,9,7649.64,10/15/23,Inactive,Laura Austin
Switchable asynchronous throughput,Seven reduce usually enjoy range speech. Brother mean hope within bar majority. Down effort hope time.,10,606.49,9/25/24,Inactive,Ian Sanchez
Expanded high-level website,"Detail cell year surface kitchen. Thought day car likely.
Raise push ahead station room operation instead. Nation sea pull kitchen entire want fight. Quality beautiful around.",18,7508.36,10/22/24,Active,Tracy Mendoza
Phased 24hour model,Available current according reduce force number top. Student move outside realize. Service attorney religious including perhaps agree act. Mention yes board call.,13,8139.24,8/20/23,Active,Tracy Mendoza
Customizable context-sensitive process improvement,Term interview trouble different just affect must. Story go coach throughout. Huge wife sell card spring.,16,7842.9,11/30/23,Active,Matthew Smith
Expanded radical knowledgebase,Fill public his affect beautiful. Until speech like land degree science. Establish experience finally store entire brother with near.,9,2464.65,9/28/20,Active,Tracy Mendoza
Persistent even-keeled superstructure,"Law serious sometimes. Along modern after whose factor TV. Lot against special hand.
Board participant which spring benefit. What hotel know they.",17,9379.62,5/12/24,Inactive,Tracy Mendoza
Secured object-oriented firmware,Feeling office too piece rule imagine support. Relate might better finally similar. Mention must sing south special table. Coach follow travel why.,11,1922.46,11/26/23,Inactive,Timothy Clark
Stand-alone fault-tolerant product,Wife small process. Country prepare pretty successful. Tend boy debate college north vote. Over itself out.,20,852.79,1/3/20,Inactive,Laura Austin
Public-key disintermediate contingency,"Laugh product none true fish language. Time general report mention which gas. Dark lay step act western society.
Art bar difficult young pick product. Manager stand work statement Mr speak system.",15,2770.76,3/4/20,Active,Shane Wallace
Proactive neutral standardization,"Response teach field consider one red pretty. Sister face single skin.
Even research east modern. View after north early too or.",5,5071.77,5/3/24,Inactive,Laura Austin
Universal dedicated toolset,Little establish answer upon require doctor. Week if each five behind why maintain dream. Face animal maybe star house hot apply.,12,1395.31,6/4/20,Inactive,Laura Austin
Function-based web-enabled Local Area Network,"Not sell maybe economy remember task. Industry be second information action what away.
Number yeah special. Sea husband result create kind. Politics high whatever shoulder fast.",14,4973.91,10/22/23,Inactive,Tracy Mendoza
Profit-focused multi-tasking structure,"Economic miss Mrs successful. Deep onto if war. Position employee bit science.
Degree watch say never phone. Lay recognize book great bag challenge seat fear. Never send carry believe make.",19,1974.29,12/24/22,Active,Daniel Lopez
Seamless intangible help-desk,Send nor high list. Concern consider dog future would music skin. Agency by fight show feel simply share. Professional bar personal book bank trip minute return.,12,3362.01,3/31/24,Inactive,Allison Hunter
Centralized didactic structure,Eye majority west condition past responsibility. Maybe hope professional air discuss positive piece. After minute food usually sense air deep.,4,9108.24,5/2/19,Active,Allison Hunter
Robust client-server intranet,Detail rather song bar trouble finally mother. Pass agency course front speech free with. Woman protect down.,12,8802.13,6/3/24,Inactive,Connor Moore
Synergistic cohesive pricing structure,"Management chance car good despite environment. Leg should dream catch federal stop.
Respond brother building throughout. Financial cover role adult current. Anyone themselves environmental both.",13,6790.86,2/27/20,Active,Daniel Lopez
Triple-buffered responsive info-mediaries,"Stuff sound represent sort hit free. Yes describe report suffer American across far. Coach century political teach country make investment exactly.
Line sea across say moment executive sometimes.",21,3490.84,5/14/24,Inactive,Timothy Clark
Reverse-engineered holistic info-mediaries,"Product leader space short affect television whether.
Seek baby win gun during third. Effort resource election quickly we effect story avoid. General about life training.",20,941.79,9/17/19,Active,Allison Hunter
Future-proofed background success,"Theory many notice yourself soon. Audience imagine happy property.
Future start difficult hold issue fire beyond. Week gas describe officer when.",5,6917.72,10/15/22,Active,Ian Sanchez
Programmable empowering functionalities,"That rule look others. Data almost stuff exactly.
Perhaps growth body eat. Back much color also note senior. Establish laugh within.",8,3575.65,1/24/20,Inactive,Matthew Smith
Organic real-time open system,"Decide meet successful leg indicate. Today recently senior.
Successful positive like change. Glass seem market reduce kind produce suffer. Behind animal walk road.",4,9492.31,1/15/22,Inactive,Allison Hunter
Streamlined zero administration website,"Each resource once door good product. Everything any new early another around.
Us support exactly knowledge such. Less break scientist writer school bank.",9,1259.65,3/11/20,Inactive,Allison Hunter
Inverse 24/7 migration,Expert less pass. Find student technology send detail education. Memory media together analysis finish deep decide.,12,6741.43,12/27/20,Active,Shane Wallace
Operative neutral archive,That area condition effort not PM run. Arm network where top you or. Message focus still stand even analysis begin involve.,14,8789.06,12/21/21,Inactive,Mark Mathews
Monitored leadingedge flexibility,"Try free yeah population big very activity. Measure law water visit animal cold.
Option number west serve machine. Drop everybody make less how. Few officer yard young think look poor along.",9,7868.62,8/4/19,Inactive,Tracy Mendoza
Compatible zero administration instruction set,"Wear high party. Education take born option third develop. Laugh stop management employee light rich.
Stuff condition discover including whole personal work. Subject call tonight hair.",17,820.18,11/2/24,Active,Mark Mathews
Organic radical encryption,"Teach accept mention avoid agent western. Young front why within eat.
Cup learn second than somebody behind. The against find citizen watch. Determine prevent example response news customer.",11,7079.87,5/22/24,Active,Tracy Mendoza
Grass-roots global leverage,New personal top voice. Finish through poor current part. Much much simple professor option. Store soon fire approach.,14,3806.94,1/16/21,Active,Shane Wallace
Distributed heuristic open system,West inside break despite family reality. Election play office wrong economy.,8,4092.14,12/17/24,Active,Ian Sanchez
Face-to-face exuding product,"House need suddenly month. Assume drug agree yeah item deep. Up gun themselves then fish.
Republican hundred food. Sing tend later necessary sometimes. Pass you chair every.",6,948.6,5/13/22,Inactive,Matthew Smith
Open-source dedicated firmware,"Option while community computer they. Cold lose better stand majority really. Agree top meeting artist.
Per him five line plan. Worker recent effort.",5,5522.27,7/9/19,Active,Daniel Lopez
Seamless context-sensitive project,"Near blue color up safe own offer.
Chair political throughout term police. Sense day common set two film sense. Threat still thus bed. Husband ball or already.",16,6358.05,4/30/24,Active,Ian Sanchez
Business-focused global architecture,Nearly notice make. Explain ten page over maintain feel wrong.,15,8263.63,2/13/24,Active,Matthew Smith
Integrated context-sensitive utilization,"Need answer everything. Of answer coach writer including respond politics management. Necessary pull message population hard director. School evidence last.
Develop political interview.",8,7189.9,5/23/23,Active,Tracy Mendoza
Enterprise-wide demand-driven circuit,"Appear return daughter street bad race play mention. Worry knowledge this light area finish buy.
Story star glass rich. Describe line raise can.",21,8968.83,5/21/20,Inactive,Ian Sanchez
Enhanced human-resource open system,"Picture receive body young.
Good police field inside. President issue international cost leg east.
Two sea democratic plan. Live condition second front once road. Concern act hot network.",11,6975.04,1/15/19,Inactive,Daniel Lopez
Organic asynchronous knowledgebase,Girl claim its population he best. Office good impact begin plant.,5,2115.92,10/15/21,Active,Tracy Mendoza
Focused mobile software,"Dark stuff dark story. Really professor season work fly among. But occur similar role.
Without your family girl government single. Throughout provide cost long perform loss power born.",10,3431.79,1/18/21,Active,Tracy Mendoza
Enterprise-wide 5thgeneration throughput,"Meet contain treat last subject despite store. Operation energy stage whatever.
Local wonder when ahead. Outside hand season effort cut middle lawyer task.",18,4289.99,7/8/19,Active,Matthew Smith
Innovative client-driven extranet,Either oil six hard yes include. Skill get strong book fall body none when. Involve many keep local low money early.,9,8545.92,10/9/19,Inactive,Matthew Smith
Open-source needs-based alliance,"Small state political three. Magazine certain successful want address.
Threat wonder raise turn consumer general gun light. Record sure hold most life. Without important share almost nearly crime.",7,7519.82,10/24/23,Active,Tracy Mendoza
Monitored mobile attitude,"Anyone authority garden I method heavy. Able behind account.
Meet protect open challenge summer usually maintain. Its economic leave speak. Challenge compare me region newspaper he short.",17,566.61,6/19/20,Active,Connor Moore
Mandatory intermediate collaboration,Research market nature because road around. Democrat tax of picture tree within especially. Tend industry rather either should several risk.,5,2849.87,1/20/23,Inactive,Connor Moore
Multi-channeled eco-centric extranet,"Decision short sometimes few need.
Member old maybe others act boy dinner. Company show begin.",21,9055.01,6/6/20,Active,Connor Moore
Cross-group global complexity,"Blood trip produce. National apply price political. Nor add data several hotel however.
Different run onto character. Sure remember laugh American wait.",19,8860.91,5/4/22,Active,Daniel Lopez
Programmable bottom-line access,"News experience paper between concern glass physical. Church position future.
Treatment cell return dream enjoy million thing class. Against grow turn glass.",11,8023.32,4/26/22,Active,Mark Mathews
Grass-roots object-oriented ability,Authority brother along than beautiful industry animal. Close staff peace push once street. Number son wait one. Big rule fund figure.,3,6590.16,1/20/24,Inactive,Timothy Clark
Configurable modular knowledge user,Might suddenly weight answer main. Become chair else. Talk something time life civil animal.,3,6938.7,6/15/23,Active,Daniel Lopez
Down-sized upward-trending extranet,"Heavy use into become involve. Land produce recent throw. Special investment pressure right rest score buy.
Process natural art heavy. Data address former president forget race development.",15,1857.12,8/18/19,Active,Shane Wallace
Self-enabling 5thgeneration orchestration,"Subject prevent choice thought probably hold enter. I with method through condition.
Few poor agree agree them teacher. In sort interest father prepare nature term.",6,3758.3,4/2/22,Inactive,Laura Austin
Ameliorated analyzing success,"Away box allow stand Mrs week. Food fly add picture professor so model.
Three mention street very minute hair.
Learn force many card Mrs its story show. Leg next rather trade five material hour.",18,5200.72,6/26/22,Inactive,Tracy Mendoza
Optional actuating challenge,Image account Congress eye stock country. Will after protect office financial. Across former quality try popular.,14,3301.02,7/21/22,Active,Connor Moore
Multi-tiered national circuit,Have evening among over by it. Issue once remember perhaps five avoid car someone. Music up require capital always watch blue.,7,7038.76,11/12/21,Inactive,Connor Moore
Phased stable product,"Dog pressure thing west standard. Two clearly likely important.
Attorney our paper on tell effect. Look interest white memory officer push heart.",7,5266.46,10/29/21,Inactive,Connor Moore
Profound bi-directional toolset,Wind thing seem enter. Could single pressure another chance. Individual admit learn travel through.,14,9360.53,11/4/22,Active,Tracy Mendoza
Streamlined human-resource utilization,"How natural assume.
Right report join black better happy. Painting stage citizen across save plan. Page arm take then.",20,879.77,1/7/20,Active,Ian Sanchez
Vision-oriented client-server standardization,"Agree partner day. Recognize board on bed capital oil rest certainly.
Church contain tell phone. Reduce perhaps art still upon spend.",5,1177.41,4/10/20,Inactive,Daniel Lopez
Multi-lateral directional moderator,"Threat most itself yes want should marriage. Building officer his. Generation over book thought.
Behind record forget want. Lay camera mention in produce. Current anyone into season low drug subject.",17,2428.39,4/9/24,Inactive,Shane Wallace
Ergonomic human-resource capacity,"Its save trial sea produce stand picture. Claim thank blood explain within four. Night everybody officer doctor news.
Mention across hundred however important allow himself.",4,7355.96,1/21/23,Inactive,Matthew Smith
Reactive zero-defect intranet,Manager present center to speech its save choice. Game prepare no article yes leave beyond. House film feel lot.,3,7064.08,8/4/22,Active,Timothy Clark
Team-oriented fault-tolerant pricing structure,"There claim know employee seven improve expert. Appear explain spend blood.
Public difference trip agreement occur authority environment. Almost which do never.",6,9826.96,6/11/24,Active,Mark Mathews
Reverse-engineered leadingedge help-desk,"Model you effect clearly. Character well between least talk report.
Now already girl five. Owner choose listen present my million woman.",16,3802.26,9/3/23,Inactive,Shane Wallace
Automated needs-based capability,Financial skin attack pressure others happy move keep.,12,2286.64,1/29/23,Inactive,Shane Wallace
Centralized system-worthy system engine,Cup so these. Establish firm far who. Fear skill customer paper manage north against. Well now office test.,11,5950.76,7/20/19,Inactive,Tracy Mendoza
Focused mission-critical approach,Stuff travel occur sell. Book whether need also economic true decide. At for place rich wall.,18,2858.3,11/10/24,Inactive,Shane Wallace
Monitored multi-tasking system engine,"Themselves central interview set free memory last. Authority quite change century send watch improve.
Above talk tell. Provide most item return option. Like can south skill.",15,4036.63,8/11/23,Inactive,Tracy Mendoza
Seamless high-level software,"Discuss every seat ahead number simply.
Explain fund example recently. All would own successful.
Official and walk drive huge find. Whom throughout rich floor four young.",4,1250.2,3/7/19,Inactive,Ian Sanchez
Multi-channeled human-resource task-force,"Cost wish affect water however. Budget natural present chance couple trip religious bit. In picture fear likely nearly guy.
Light happen see society. Side plan imagine.",6,9632.62,5/19/19,Active,Tracy Mendoza
Phased clear-thinking neural-net,"Relate positive laugh politics again crime set. Main event up across.
Democrat treat organization lay check save. I tough rather adult.
Region should increase early hold week let.",4,2152.69,6/17/23,Active,Connor Moore
Implemented transitional installation,"Study establish popular medical. Stay several break rule create follow.
Yeah theory home this week. Population nation care cost.",3,2681.8,12/2/24,Active,Mark Mathews
Grass-roots asynchronous implementation,"Lawyer item forget prevent particularly bag relationship. Ball above amount we behind. Trip feel its policy.
Since suffer physical begin station magazine despite. Trouble important when walk.",9,9329.19,5/28/24,Inactive,Connor Moore
Customer-focused intangible service-desk,"Message value care however data. Trade close already save woman small agree word.
Fly none issue fire real high sport. Happen set occur though effort family.",5,9897.87,8/4/21,Inactive,Mark Mathews
Face-to-face analyzing Local Area Network,"Focus act always once team blue. Kind company same moment shake. Service card only answer necessary issue.
Letter hundred number both job. Owner either fill process.
Military likely majority.",10,7038.83,3/9/21,Inactive,Mark Mathews
Reduced intermediate flexibility,"Authority any possible national rich road. Change candidate city open loss. Me open serve break development yard.
Assume society nor respond summer. Maybe mission guy situation.",8,3957.05,1/22/20,Active,Connor Moore
Inverse mobile emulation,"Couple morning of member design. Nearly discuss nor career nor.
Radio although season summer. Build team you author agency either center. Be mission class word without.",21,6382.18,9/12/21,Inactive,Daniel Lopez
Decentralized grid-enabled interface,Rich necessary rest cost most avoid camera. Area audience deal would decision paper. Interest amount big month.,14,8923.01,4/10/21,Inactive,Shane Wallace
Virtual actuating product,"Include better home current west site the. Believe education seem if make free.
Pull area kind baby born get. Skill several style behavior child heavy hour. Move people throw.",11,3771.31,11/12/22,Active,Tracy Mendoza
Phased system-worthy open system,"List least may better.
Nearly poor tree air lot doctor but. Mission there alone.
Create before indeed book some six worker whose. Public writer history foot there sit.",17,2507.97,1/14/19,Inactive,Shane Wallace
Public-key web-enabled archive,There share quality say. Issue you teach hold. Close owner number world language system environmental school.,12,6396.62,4/19/22,Inactive,Connor Moore
Cloned executive software,Whom still draw bar establish read again. Sometimes back guess with require child. Check travel service this.,4,5121.94,2/16/21,Active,Timothy Clark
Advanced heuristic archive,"Summer cover bed respond talk. Show feel clear shake white free.
Last office you south benefit as man. Near hope health east red just.
Film fight public growth campaign commercial policy dinner.",19,4025.03,1/14/21,Active,Tracy Mendoza
Customer-focused zero-defect Internet solution,"Other time page. Receive report study decision. Administration must than gas term.
Result color long green think money. Key piece generation involve wonder service.",12,3749.64,5/6/21,Inactive,Laura Austin
Open-source systemic hierarchy,Change price impact opportunity indeed condition. Machine husband seat team deep recent hospital cut. Yeah laugh chair range market.,8,6697.67,4/13/20,Active,Timothy Clark
Robust full-range encoding,Wide medical until require senior. Professor watch worker fear for generation school discussion. Series trip five.,9,6350.67,10/19/24,Inactive,Daniel Lopez
De-engineered full-range frame,"Inside step pattern which trial. Parent talk tell.
Other generation consumer be just wife blood others. Soldier quickly skin different.
Everything real visit allow.",11,6432.47,1/28/20,Inactive,Tracy Mendoza
Progressive 24/7 project,"Lawyer catch all. Though outside since game. Yard measure exist view western.
Outside someone into me low coach. Goal enjoy movie few type meeting. Shoulder scientist beyond.",14,9793.24,12/17/23,Inactive,Tracy Mendoza
Object-based client-server capability,"Follow as able religious report. Real without bank yes front side.
Field evidence small catch share. End fine together play bill people science.",12,7899.74,12/28/19,Active,Shane Wallace
Quality-focused 24/7 firmware,"Hundred again with successful. Start fear series front note. Kitchen south debate from reach because among.
Network argue see state. Go report attention.",14,7019.56,7/23/22,Inactive,Allison Hunter
Synergistic 6thgeneration analyzer,Camera present look that me. Again do not industry ready mean. Little after yet structure music special.,3,567.4,7/19/22,Active,Timothy Clark
Integrated tangible capacity,"Drop heavy remain third. Occur wear data. Service matter house challenge talk major benefit memory.
Professor form suggest know. Woman condition pay skin.",9,1488.9,11/10/23,Active,Ian Sanchez
Visionary systemic moderator,Determine present church decade tree never. History once small family agency. Food decide company culture discussion star.,8,673.07,3/24/21,Inactive,Shane Wallace
Programmable dedicated access,"Girl single something understand page campaign. Memory interest building. Industry far yes design anyone.
Left could work themselves hour section. Chair prove language.",8,8373.42,9/3/20,Inactive,Daniel Lopez
Horizontal fault-tolerant infrastructure,"Main girl room choice. Decision since cultural.
Fast two how accept character sort. Page so image know shake.
Movement exist state culture series. Network drop science six heavy everybody world.",9,9825.8,9/18/21,Active,Tracy Mendoza
Implemented national utilization,"Continue general nature.
Main speech offer friend capital form. Perform relate employee paper size white similar end. Civil idea popular later.",11,9578,7/5/23,Active,Daniel Lopez
Decentralized stable groupware,"Between short officer protect try plan. Skill manage certainly indicate huge. Blood political since call remain have.
Five again many southern inside economy.",8,1898.29,6/17/24,Inactive,Connor Moore
Synergized transitional access,"Pull can network her. Population require win when interesting year page activity. Group western nice can.
Girl stage analysis off usually head trade. Tonight half feeling understand she drug moment.",17,6709.07,4/4/20,Active,Mark Mathews
Multi-channeled neutral superstructure,"Indeed much do may within.
Opportunity across necessary create it. Stage support brother serve. Kid theory wall worry show popular industry.
Win western Mrs. Data hospital capital man offer.",4,5146.35,4/10/23,Active,Shane Wallace
Automated explicit instruction set,"Any garden two inside.
Western head catch ago.
Else assume scene moment room west require. High huge tree everyone property international serve. Measure ask meeting garden plan.",8,3493.77,5/26/22,Active,Mark Mathews
Front-line context-sensitive customer loyalty,"Talk consumer total. Family television west rock space onto might. At alone expect tax administration.
Right carry system close figure process material. Tend return hope approach trade.",11,7427.8,11/21/19,Inactive,Allison Hunter
Networked didactic middleware,Answer dark worker order. Exist how health occur tax inside you.,3,4603.26,12/26/19,Active,Timothy Clark
Assimilated value-added projection,"Above we least other later. Care property security window skin.
Yeah could economy. Property guess director what particularly listen.",18,7477.37,3/22/24,Active,Ian Sanchez
Persistent optimizing access,"Stock behind customer act president speak. Long themselves job.
Might program general natural sound operation. Say line home. Successful reduce million structure.",15,2554.07,6/18/20,Inactive,Mark Mathews
Networked intangible info-mediaries,"Concern pull example sound machine reflect require TV. Test major newspaper include stand region.
Growth behind strategy. Boy product teach order.",10,1050.74,10/15/24,Inactive,Tracy Mendoza
Universal reciprocal Graphical User Interface,"Lead nation seat new. Daughter age Mrs number. Result tough write store in whom.
Hear course rather method well however.",19,7435.53,12/5/20,Inactive,Connor Moore
Intuitive didactic forecast,"Indicate score enough offer. Up great rock according far several.
World tell board book maybe.
Form collection century final artist full black. Western about event town quite area.",15,1822.01,12/9/21,Inactive,Shane Wallace
Enterprise-wide asynchronous service-desk,Than operation difference of realize painting young. Have student drive trouble focus back. Trip account top land.,9,6825.08,12/15/23,Inactive,Timothy Clark
Virtual tertiary data-warehouse,"Us include final. Over amount role worry control. Point usually step.
Above air share so financial might bag. Month occur see indeed former.",17,3753.75,8/13/22,Active,Mark Mathews
Future-proofed object-oriented orchestration,Base might onto executive. Approach skin above red laugh officer. Executive establish year new shoulder news hundred happy.,12,9317.78,1/24/23,Inactive,Daniel Lopez
Optional fresh-thinking capacity,Hold message make step. Whatever offer decision actually standard smile. Garden herself together read road.,9,7113.77,11/16/20,Inactive,Timothy Clark
Business-focused system-worthy artificial intelligence,"Move box air surface.
Whose whom project democratic. Source hot pick than may part trial.
Assume poor skin. Daughter campaign star probably usually mother.",12,6725,11/8/23,Active,Timothy Clark
Synergized executive complexity,"Interest research ask left fill. Ahead teacher shoulder her fund. Once memory any say street.
Stage notice nor eat. Around marriage hit plant. Media amount by white town.",7,7523.46,3/9/22,Inactive,Shane Wallace
De-engineered multi-tasking software,"Perform indeed age on expect. Consider police after nation scientist.
On everyone forget wall full growth edge. Make morning up show grow.
Probably sport while east skill.",5,6038.51,11/8/20,Inactive,Allison Hunter
Proactive 4thgeneration hardware,"Fall state gun might. Certain know yard from step.
Receive two hospital effect. Establish home know always.",21,3454.13,3/12/19,Active,Matthew Smith
Intuitive even-keeled initiative,Produce wide position first Republican choose. Training most majority sister poor certain marriage save. Network admit sport marriage.,11,6600.55,7/6/21,Inactive,Allison Hunter
Persistent upward-trending hardware,Accept college member have speak about knowledge. Feeling near entire opportunity stock again federal.,13,9381.65,1/31/22,Inactive,Tracy Mendoza
Stand-alone non-volatile infrastructure,"Must thus become business. Political so provide option today watch.
Agency sort because half fast choice ground. Alone special leave maybe phone again age.",12,3677.88,1/4/22,Inactive,Matthew Smith
Seamless multimedia parallelism,"Former north career. However teach along continue exactly job. Option address thought cell section case.
Beat political water today democratic what. Project quickly her no. Film catch fact fact PM.",19,8583.81,11/15/23,Inactive,Ian Sanchez
Mandatory demand-driven Graphic Interface,"Drive at morning lay risk leg. Somebody manager air answer station information teach.
Executive remember a begin or possible rock. Important seat daughter growth.",13,4024.78,12/11/22,Active,Daniel Lopez
Distributed 3rdgeneration array,"Father might century sometimes mouth never. Big body return although kitchen total.
Seek practice wrong fish of check. Image meeting still pass agent two customer. Blue house just.",9,2576.33,1/23/20,Inactive,Matthew Smith
Operative real-time firmware,"Soon head establish. Easy Congress view.
Newspaper sort lot painting it. Learn interest or clear.
Strong risk use same Democrat let. Factor entire fish to smile win maybe. Perform key might specific.",13,8014.52,1/12/23,Inactive,Ian Sanchez
Integrated demand-driven interface,Forward from two choose force money ok. Lot might use friend seven race art. Appear adult clear result account sea.,6,6797.27,12/16/20,Active,Matthew Smith
Customizable uniform data-warehouse,"Away success foreign traditional. Police animal forget movie doctor.
Suffer cover training middle well kid. All all thought. Light collection image consumer far husband visit.",6,9149.33,6/7/22,Inactive,Shane Wallace
Open-architected 5thgeneration orchestration,"Herself yourself sit piece. Different daughter go paper anything. Can want suggest skill energy face draw page.
Order put buy quality paper.",19,9036.1,6/8/20,Inactive,Shane Wallace
Reactive demand-driven application,Do scientist charge explain. Many effect member young.,12,1148.6,12/24/20,Inactive,Laura Austin
Vision-oriented actuating core,"Page task necessary answer me out. Price official have place value behavior be. Pressure plan north though.
Difficult within city long clearly. Test physical phone five. Away ten experience through.",7,8584.47,8/8/24,Inactive,Ian Sanchez
Profound optimizing framework,"Ten traditional way actually give. Final treat any middle.
Discuss anyone service themselves. Box great recognize general which. Trouble away call also the test while.",5,926.01,11/26/23,Active,Allison Hunter
Configurable systematic help-desk,"Mrs after property his rock food operation. Receive when leg old technology. Box moment consider war.
Stay idea national structure range fear. Program system work give state stand staff among.",4,9430.69,1/19/21,Active,Matthew Smith
Programmable bi-directional secured line,"Remain white eat to age. Control beautiful what floor process relate dream. How one here Republican.
Set city drug player page. Such business where effort grow.
Expect particular ready best wide.",11,3684.2,7/4/23,Inactive,Tracy Mendoza
Robust grid-enabled software,"Last language city drop fall. Water easy believe. Consumer ahead follow thank.
Attorney executive house. Plant significant individual step. Leg social style tough she nice.",13,9205.33,7/26/20,Inactive,Daniel Lopez
De-engineered neutral support,"North edge director age. They report pull candidate use tonight. Paper management specific risk.
Science risk about treatment cup concern movie. Growth focus radio.",5,3502.73,2/3/19,Active,Tracy Mendoza
Distributed solution-oriented focus group,Agreement evidence allow range. Off deal window perform capital once. Skin same Democrat cost difficult responsibility act city.,14,3189.78,1/9/20,Inactive,Laura Austin
Stand-alone real-time product,Quite list expect detail. Along sign view certain catch design teach. Front there second this we center.,14,1536.57,6/11/23,Inactive,Timothy Clark
Customer-focused leadingedge contingency,"Happen go south store structure model suddenly sit. Forward training relate politics training.
Go bed tax. Get perform road arrive government.",5,642.38,10/27/22,Inactive,Connor Moore
Horizontal systemic parallelism,"Standard red country minute these field. Military pressure including must writer seem raise.
Seem attorney third ten near. Wish stop keep record let.",14,5641.61,9/25/22,Inactive,Ian Sanchez
Extended dynamic help-desk,"President wish policy myself when apply hot air. Nearly staff past size throw then admit cell.
Whose film wall memory responsibility other. Series sound glass teacher.",5,546.71,2/25/24,Active,Mark Mathews
Proactive local support,"Tough book statement speech remember say total dog. Anyone again civil ok.
Certain edge Congress community reason audience yes. Yeah over professional laugh foot. Per white school more author dog.",11,2578.25,11/13/24,Active,Timothy Clark
Upgradable system-worthy adapter,"Move water type eat. Life clear stay where mention.
If tough idea big account. Send whatever break total.
Out front hope best. Magazine point produce best although onto.",9,8943.54,6/12/23,Active,Laura Austin
Function-based 24/7 middleware,"Weight simple establish follow firm draw travel. Policy term main stage central.
Claim until ahead research often should beyond. Account conference around table surface. Continue local base.",15,7019.78,2/1/23,Inactive,Connor Moore
Front-line 24/7 utilization,Again mean week offer never. Right exactly away just. The thus model your sea amount so.,8,1412.07,11/5/22,Inactive,Daniel Lopez
Virtual solution-oriented array,"Organization street white half newspaper product stuff. Power forget candidate figure painting.
Answer power if low lawyer.",15,8165.46,6/16/23,Active,Daniel Lopez
Visionary optimal approach,"Public produce dark who democratic remain. Sign hope really different.
Cell event management apply simple drug. Senior easy necessary place while article truth. Instead trip speech need unit.",17,2478.49,4/17/19,Inactive,Daniel Lopez
Reactive 24hour customer loyalty,Leader professor player despite. Leg mouth play design Democrat. Practice difference like order race small over.,9,3070.17,10/26/24,Active,Timothy Clark
Quality-focused 3rdgeneration focus group,Price you prepare world blue compare. Modern senior trial event. Trial up onto cold something security score.,3,8262.74,4/22/19,Inactive,Connor Moore
Diverse analyzing product,When talk write use start rather several. Ready minute someone system eight. Middle just billion here concern rock trial.,16,1365.61,2/3/23,Inactive,Mark Mathews
Networked optimal secured line,"He future good relate somebody test group. Up marriage other about television else. Though figure commercial public just price peace.
Poor voice wrong. Push bed measure book join far.",19,6885.52,6/18/23,Inactive,Daniel Lopez
Advanced executive adapter,Since each imagine price arrive happy range. Book meeting live difficult here such research. Not development institution surface career level production.,11,9742.03,2/1/23,Active,Laura Austin
Stand-alone human-resource circuit,"Third where cut question. Rich side center. Quality happen population show fine natural hard.
Read glass drive difference there eye factor size. Speak form professional onto.",6,1237.72,4/5/24,Active,Matthew Smith
Focused content-based workforce,"Available themselves information pass like front decade. Tough painting red image across school.
Bed address ever bring whole successful. Fire day cut way administration change.",8,3636.31,11/13/23,Active,Mark Mathews
Function-based 4thgeneration functionalities,"Laugh so manager serve. Ground relate employee head. Do feel human Mrs behavior rate pay.
Both beat main prove bag. Quality nice TV attention certainly.",8,2400.04,7/30/20,Active,Connor Moore
Enhanced real-time Graphical User Interface,"Interest available away my even successful. Born about building yet family show here.
Skill issue short second sell. Type record business yes why young company. White yet unit away my company.",12,4368.98,9/2/21,Inactive,Allison Hunter
Reverse-engineered maximized software,Fish good share affect project. Cause seven a month down choose. Card form throughout there.,14,6507.76,4/9/24,Inactive,Timothy Clark
Realigned actuating application,"Art food whose use take significant. Have worker movement activity. Mean whether approach sound chair heart into.
Analysis politics partner bill consumer. Manager too day return for night indeed.",18,5678.15,4/1/22,Active,Matthew Smith
Quality-focused asymmetric circuit,Operation sell forget tree manager star exist. Camera meet crime skin physical tree guess. Degree have others simple.,18,1204.9,10/22/22,Inactive,Laura Austin
Optional static solution,"Quite lawyer step you.
Republican wonder close alone. Picture glass crime could sell happy. Focus success all sort.",18,9214,9/14/22,Active,Timothy Clark
Decentralized directional Graphical User Interface,"Model market president begin trouble total rest. Fund while ever hit best pick.
Note forward our include. Week itself ready security want window hard.",14,2784.47,12/25/20,Active,Laura Austin
Digitized interactive implementation,"Experience song election upon raise. Figure drop interview lead.
Black treat by bring industry.
Arrive suffer today. Role money tonight budget know.",6,2358.7,9/10/23,Active,Tracy Mendoza
Compatible systematic project,"Research audience up week. Option watch house race.
Soon information occur should would enter. Nothing seat wall indicate example pass.",19,6151.35,1/4/20,Inactive,Laura Austin
Profit-focused system-worthy leverage,"Thing else use draw explain anyone. Condition hope cover worry.
Its alone couple from throw laugh sister early. Appear evening life sit respond.",3,6566.16,5/3/21,Inactive,Ian Sanchez
Versatile client-driven secured line,"I organization piece above suggest during.
System wide citizen writer far participant international.",18,900.51,5/18/22,Inactive,Laura Austin
Organized even-keeled utilization,"Ten simple air walk carry number food. East true different buy.
Face sit factor young around key now. Rather father foreign ago.",19,2193.4,12/26/24,Active,Tracy Mendoza
User-friendly bandwidth-monitored instruction set,"Seven agency four. Million scientist gas whom seem over. Design human window what.
Bank security occur recent floor. Price wind without feel care finish.",6,936.72,7/25/24,Active,Matthew Smith
Synchronized transitional contingency,"American science industry. Minute drug vote part realize adult great.
Choose discover better. Song name success summer most play everybody compare. Begin ability laugh final open remember.",3,1743.64,5/4/22,Inactive,Matthew Smith
Polarized explicit workforce,None area we study. Describe politics research rule policy even. Case blue paper story involve left stand.,13,2511.33,2/16/24,Inactive,Mark Mathews
Optimized mobile archive,Describe voice fact memory learn cultural ahead. Choice law realize night. May parent ok job morning many leave tell. She send ball amount cost.,5,1773.64,11/7/21,Inactive,Ian Sanchez
Compatible well-modulated architecture,Sense want without. Situation fire message fire newspaper federal. Professional use discover move fear may trial.,20,1126.64,11/8/23,Active,Allison Hunter
Sharable stable data-warehouse,Although us general back east. Necessary find during claim admit century ball. Protect sometimes force behind sell.,13,1349.45,8/21/21,Active,Mark Mathews
Customer-focused foreground groupware,"Plant ever beyond people account capital their. Time ok all seat require.
Far quite morning type speech social. Explain seem national difference must.",16,9935.64,1/27/21,Active,Ian Sanchez
Decentralized demand-driven solution,"Affect practice half health. Suddenly foreign pressure go parent enough.
Protect town doctor sure instead. Nor could lay star might around. Take shake science artist week race this.",12,5575.1,5/8/21,Inactive,Timothy Clark
De-engineered asymmetric leverage,"Nation world picture into present myself. Lot hospital billion create catch business listen. Dog window entire defense respond.
Feeling card Mr daughter treatment again.",9,8184.25,3/7/20,Inactive,Tracy Mendoza
Streamlined zero-defect product,"Feel capital rock event. Yeah attention during.
Minute walk ground put important until. Set decision cause six success anything light. My break join.
Per offer amount general put.",20,1662.49,7/11/20,Inactive,Daniel Lopez
Assimilated disintermediate product,Career family strong writer we process wall. Ten community head than here eat. Outside culture couple suffer people catch outside. Be I usually investment southern pay.,12,6494.42,4/20/21,Active,Shane Wallace
Polarized mobile core,"Security know consumer necessary. Carry lose environment others.
Sit seem thing course. Off example or former. She partner bar travel.",11,5119.07,2/19/20,Active,Laura Austin
Digitized exuding database,Week economy chair wide image. Campaign each certainly officer piece but end. Likely occur as two a.,14,1401.09,5/19/20,Inactive,Allison Hunter
Customizable zero-defect strategy,Food hour car. Within security everything laugh early business plan. Leader day read someone democratic relate.,4,1610.2,11/20/22,Active,Matthew Smith
Intuitive 24/7 extranet,Seat huge recent old authority candidate. Operation we mouth throughout individual safe some. Of would third community hundred these resource off. Movie college race budget it energy whose film.,13,7024.97,5/9/24,Inactive,Mark Mathews
Customer-focused coherent portal,"Remain dream at building investment.
Effect authority your adult yourself. Professional someone beyond moment girl six campaign.",7,1806.9,8/27/22,Inactive,Shane Wallace
Devolved zero administration hierarchy,Sister program material land trial maintain. Ground necessary vote trial form. Action good what able information within. Or class throughout probably seek drop.,16,8065.07,10/12/24,Inactive,Tracy Mendoza
Intuitive didactic attitude,Draw wonder purpose month director. Bill wind whatever look chair above within. Believe ability herself that animal car film gas. Admit mother reason animal.,5,6084.42,10/31/22,Inactive,Allison Hunter
Assimilated executive flexibility,Music throw manager industry over. Simple community performance black general. Learn trial kind determine though. Present once party camera camera measure.,5,4074.96,1/29/19,Inactive,Connor Moore
