Name,Unit Rental,Due Date,Paid Date,Amount,Status Reason,Status
YB0QruHl8r,XNKAKJi8,2/7/25,3/10/25,12879.52,Arrears,Inactive
jJnEGZlvo1,XNKAKJi8,8/7/25,,0,Draft,
HmdJZPDY5h,inDCG8bF,6/7/24,6/4/24,2191.85,Due,Inactive
bWALK69fMo,inDCG8bF,7/7/24,7/4/24,2191.85,Due,Inactive
VtnTCzyCCz,inDCG8bF,8/7/24,9/22/24,2191.85,Arrears,Inactive
aXiDrtmZQd,inDCG8bF,9/7/24,9/6/24,2191.85,Due,Inactive
u2uFWTnmuK,inDCG8bF,10/7/24,10/4/24,2191.85,Due,Inactive
jI43CVciPG,inDCG8bF,11/7/24,11/7/24,2191.85,Due,Inactive
IAfSyS00IN,inDCG8bF,12/7/24,1/31/25,2191.85,Arrears,Inactive
eDZDiz7mnB,inDCG8bF,1/7/25,2/12/25,2191.85,Arrears,Inactive
DlLolfKHne,inDCG8bF,2/7/25,2/5/25,2191.85,Due,Inactive
FDU5mkhyuH,inDCG8bF,3/7/25,3/8/25,2191.85,Due,Inactive
1N1TQ1OE5n,inDCG8bF,4/7/25,4/5/25,2191.85,Due,Inactive
dFyUcV3epe,inDCG8bF,5/7/25,6/18/25,2191.85,Arrears,Inactive
Rhjya1ZmbN,inDCG8bF,6/7/25,,0,Draft,
MIshgWyhDY,xmOPywm8,8/2/24,11/7/24,2414.46,Long-Term Arrears,Inactive
XrxUV6nJcR,xmOPywm8,9/2/24,9/2/24,2414.46,Due,Inactive
PfRBMCtEkN,xmOPywm8,10/2/24,10/4/24,2414.46,Due,Inactive
9q835RjB02,xmOPywm8,11/2/24,11/3/24,2414.46,Due,Inactive
YDRqR1a6S2,xmOPywm8,12/2/24,1/1/25,2414.46,Due,Inactive
GvCKnZisJ5,xmOPywm8,1/2/25,12/31/24,2414.46,Due,Inactive
oc73eHihyY,xmOPywm8,2/2/25,2/3/25,2414.46,Due,Inactive
uli3Y6Rwq5,xmOPywm8,3/2/25,3/2/25,2414.46,Due,Inactive
hEkCtYCI7a,xmOPywm8,4/2/25,4/1/25,2414.46,Due,Inactive
UVE746oLW5,xmOPywm8,5/2/25,5/4/25,2414.46,Due,Inactive
tYfs3yZs1B,xmOPywm8,6/2/25,,0,Draft,
dWxaNhujzD,CIX6Yj7S,11/24/24,11/26/24,10001.58,Due,Inactive
xymSWLoatN,CIX6Yj7S,5/24/25,5/21/25,10001.58,Due,Inactive
VYyOxVg2iI,CIX6Yj7S,11/24/25,,0,Draft,
oHnKyonHwu,cGHHodt9,5/27/25,6/29/25,24763.67,Arrears,Inactive
AJBPYxM5Zx,cGHHodt9,5/27/26,,0,Draft,
2MBqnygVAT,WQGpd3MM,6/22/25,,0,Draft,
8TERM1C6RV,9iFEujf6,1/31/25,3/19/25,9434.96,Arrears,Inactive
E51LDtHeiI,9iFEujf6,7/31/25,,0,Draft,
HUsMUJ8VtD,yZejzm6N,6/8/24,6/9/24,2334.03,Due,Inactive
Vz1s7lwtEV,yZejzm6N,7/8/24,8/12/24,2334.03,Arrears,Inactive
X4O3SYTpdt,yZejzm6N,8/8/24,8/6/24,2334.03,Due,Inactive
hCieo42LLd,yZejzm6N,9/8/24,9/10/24,2334.03,Due,Inactive
qKVGsfFn97,yZejzm6N,10/8/24,10/5/24,2334.03,Due,Inactive
T4V8edyOBg,yZejzm6N,11/8/24,12/13/24,2334.03,Arrears,Inactive
asASr6nCZx,yZejzm6N,12/8/24,12/9/24,2334.03,Due,Inactive
7Z38R0cQKl,yZejzm6N,1/8/25,1/9/25,2334.03,Due,Inactive
lQCeokrKbU,yZejzm6N,2/8/25,2/8/25,2334.03,Due,Inactive
p5bGXudIr9,yZejzm6N,3/8/25,4/26/25,2334.03,Arrears,Inactive
9YsLeSif22,yZejzm6N,4/8/25,4/7/25,2334.03,Due,Inactive
wBw1U5NmlE,yZejzm6N,5/8/25,5/6/25,2334.03,Due,Inactive
Divpd8tXVL,yZejzm6N,6/8/25,,0,Draft,
56xoB5J5nE,eFwxzB95,12/30/24,2/7/25,12045.09,Arrears,Inactive
tR8dBPUUBk,eFwxzB95,6/30/25,,0,Draft,
KvOGeTKsFB,fLimUobB,5/4/24,5/3/24,5785.73,Due,Inactive
rntvloi2Z9,fLimUobB,8/4/24,,0,Void,Inactive
NEI1hgUsU1,0tTc560H,8/5/24,,0,Void,Inactive
ETP4XAy9wk,LRbdYj55,7/18/24,7/19/24,10343.51,Due,Inactive
QNOmE0BRIV,LRbdYj55,1/18/25,1/18/25,10343.51,Due,Inactive
qEsb4a4n6F,LRbdYj55,7/18/25,,0,Draft,Active
Zt6zll3c3b,DkrrQbo3,2/10/25,2/9/25,29658.14,Due,Inactive
Gs9eLIHetR,DkrrQbo3,2/10/26,,0,Draft,Active
gDiqn3TElg,EdEB5WGm,5/14/25,5/16/25,19020.49,Due,Inactive
GuFeyvsmmH,EdEB5WGm,5/14/26,,0,Draft,Active
q22HUT0xAv,g07XFPY7,11/18/24,11/20/24,6513.41,Due,Inactive
RNRwSN34WL,g07XFPY7,2/18/25,2/15/25,6513.41,Due,Inactive
nC7HrrGvpd,g07XFPY7,5/18/25,5/18/25,6513.41,Due,Inactive
8fvXIJuqQN,g07XFPY7,8/18/25,,0,Draft,Active
znprJchjqR,54cpCkbO,7/16/24,12/21/24,14216.45,Long-Term Arrears,Inactive
6AiLxnFIFm,54cpCkbO,1/16/25,1/15/25,14216.45,Due,Inactive
zaHYApETDy,54cpCkbO,7/16/25,,0,Draft,Active
Wt8TKCzu52,v6QcpQWm,6/15/25,,0,Draft,Active
oJzvg9DSGK,29bqhmkK,8/23/24,8/23/24,1941.69,Due,Inactive
PjAK8cK45N,29bqhmkK,9/23/24,9/25/24,1941.69,Due,Inactive
kQsi78Hjes,29bqhmkK,10/23/24,10/23/24,1941.69,Due,Inactive
132wriCoO8,29bqhmkK,11/23/24,1/5/25,1941.69,Arrears,Inactive
IYsrmVJQKi,29bqhmkK,12/23/24,12/23/24,1941.69,Due,Inactive
MzSUqAHl5W,29bqhmkK,1/23/25,1/25/25,1941.69,Due,Inactive
a6HlPZ3Hku,29bqhmkK,2/23/25,4/1/25,1941.69,Arrears,Inactive
FudkUnRLlf,29bqhmkK,3/23/25,4/24/25,1941.69,Arrears,Inactive
ORVCTUzbF1,29bqhmkK,4/23/25,,0,Draft,Active
hL93Pzn6QC,E3tzo3eN,1/12/25,1/10/25,10275.89,Due,Inactive
1xujSpS6dN,E3tzo3eN,7/12/25,,0,Draft,Active
wesOE0xx23,CZrAnsKa,11/29/25,,0,Draft,Active
5GoX9AEXfP,t1OEgzuC,5/21/24,,0,Void,Inactive
VvqDwqlWgX,mQzJdjg9,1/22/25,2/24/25,1906.12,Arrears,Inactive
Qf0amDSU5m,mQzJdjg9,2/22/25,2/19/25,1906.12,Due,Inactive
sU4Ypmz8Df,mQzJdjg9,3/22/25,3/23/25,1906.12,Due,Inactive
qKOJ7J510l,mQzJdjg9,4/22/25,4/19/25,1906.12,Due,Inactive
VEDTRPrgBL,mQzJdjg9,5/22/25,5/21/25,1906.12,Due,Inactive
tK4r6OQFhI,mQzJdjg9,6/22/25,,0,Draft,Active
1zChvzmser,0G7TDHWY,5/2/25,5/4/25,11550.86,Due,Inactive
OdxsA4xBpm,0G7TDHWY,11/2/25,,0,Draft,Active
zQna9kEin9,QsCg2rmw,10/3/24,2/23/25,10658.4,Long-Term Arrears,Inactive
o1O5aMj1Ul,QsCg2rmw,4/3/25,5/18/25,10658.4,Arrears,Inactive
BvXrOyFYN1,QsCg2rmw,10/3/25,,0,Draft,Active
CPQ1sYecZR,M8G4rzpO,5/7/25,5/7/25,22303.75,Due,Inactive
0PQdIxULLc,M8G4rzpO,5/7/26,,0,Draft,Active
umAodkGoks,mEj6JUKg,7/18/24,7/20/24,1990.94,Due,Inactive
JcXGBnuk30,mEj6JUKg,8/18/24,8/15/24,1990.94,Due,Inactive
uIIeGDRq1d,mEj6JUKg,9/18/24,10/27/24,1990.94,Arrears,Inactive
EHJeRYLqsj,mEj6JUKg,10/18/24,12/7/24,1990.94,Arrears,Inactive
WYbFt6Un2Z,mEj6JUKg,11/18/24,5/13/25,1990.94,Long-Term Arrears,Inactive
rmnYyaNg9x,mEj6JUKg,12/18/24,12/16/24,1990.94,Due,Inactive
hqAAiaNyF0,mEj6JUKg,1/18/25,,0,Draft,Active
AsZNhtbMKz,Wuu0aHl1,11/6/24,3/21/25,13772.99,Long-Term Arrears,Inactive
ADmcF7qXbA,Wuu0aHl1,5/6/25,6/7/25,13772.99,Arrears,Inactive
Pq3LK7hA4X,Wuu0aHl1,11/6/25,,0,Draft,Active
wo0emBTTDc,WTH1J27Z,7/6/24,7/5/24,9067.36,Due,Inactive
zrLm7grzvg,WTH1J27Z,1/6/25,1/6/25,9067.36,Due,Inactive
LGHARCaShz,WTH1J27Z,7/6/25,,0,Draft,Active
t1pFyDX97n,u6ulwolC,1/6/25,,0,Draft,Active
sTmCo62CQn,CsnJct8I,7/8/24,12/26/24,6702.78,Long-Term Arrears,Inactive
oJrlDc6tmL,CsnJct8I,10/8/24,10/9/24,6702.78,Due,Inactive
HMjobnrL9S,CsnJct8I,1/8/25,,0,Draft,Active
xriFPqsxWW,EEHUvkdu,6/20/24,6/18/24,6877.1,Due,Inactive
CtatTsuhc9,EEHUvkdu,9/20/24,,0,Void,Inactive
Hl7DVLdEXT,bP1rJKaF,8/7/25,,0,Draft,Active
0wcnaARkTL,d5IWUS4M,3/20/25,3/22/25,5949.62,Due,Inactive
izRSnwEUQ9,d5IWUS4M,6/20/25,,0,Draft,Active
zyA2QXdIrr,2vzRSjZP,12/29/24,12/29/24,6631.21,Due,Inactive
oZg13ffUNy,2vzRSjZP,3/29/25,3/28/25,6631.21,Due,Inactive
2VTJNnCjpF,2vzRSjZP,6/29/25,,0,Draft,Active
xlXfoEOXuq,c7zA5JK7,1/19/25,1/18/25,6869.86,Due,Inactive
97eOvCvqmO,c7zA5JK7,4/19/25,4/20/25,6869.86,Due,Inactive
OexS8hykiR,c7zA5JK7,7/19/25,,0,Draft,Active
Ra9fRDhQTI,oeHbDxmI,12/29/24,5/1/25,10822.87,Long-Term Arrears,Inactive
PkT4YqdTLo,oeHbDxmI,6/29/25,,0,Draft,Active
qlpGHRfHSJ,uC7KcnVG,9/27/24,11/24/24,6539.09,Arrears,Inactive
oY7ZGdAvpN,uC7KcnVG,12/27/24,2/6/25,6539.09,Arrears,Inactive
wfqM1a5oRI,uC7KcnVG,3/27/25,3/29/25,6539.09,Due,Inactive
bhb52QQyHm,uC7KcnVG,6/27/25,,0,Draft,Active
LnWpq1ok9F,XqK09b6i,5/1/25,5/3/25,25572.68,Due,Inactive
JyKgTGN0OT,XqK09b6i,5/1/26,,0,Draft,Active
t6wcuAtpLy,eso1YH25,8/17/24,12/29/24,11663.46,Long-Term Arrears,Inactive
I0bYXY7Lem,eso1YH25,2/17/25,4/5/25,11663.46,Arrears,Inactive
5ZuDsTrPdT,eso1YH25,8/17/25,,0,Draft,Active
cqEAl5wE9t,Bw18kmWW,4/4/25,9/1/25,20487.6,Long-Term Arrears,Inactive
w3Z4kMSht8,Bw18kmWW,4/4/26,,0,Draft,Active
ILMuJYogRX,aS7X3pjc,12/27/24,12/27/24,2110.34,Due,Inactive
0jpTefDjds,aS7X3pjc,1/27/25,3/21/25,2110.34,Arrears,Inactive
fGOYhrwdHe,aS7X3pjc,2/27/25,4/17/25,2110.34,Arrears,Inactive
Jmkfxfms9Z,aS7X3pjc,3/27/25,3/25/25,2110.34,Due,Inactive
7lg3Z8FJA8,aS7X3pjc,4/27/25,4/24/25,2110.34,Due,Inactive
e0LKQ9e7y8,aS7X3pjc,5/27/25,5/29/25,2110.34,Due,Inactive
3wUhiPbarw,aS7X3pjc,6/27/25,,0,Draft,Active
xW5tmwBIk9,uiPsGIZ0,1/10/25,1/9/25,21595.51,Due,Inactive
KIx5TBRW0z,uiPsGIZ0,1/10/26,,0,Draft,Active
mzh0FSiNMI,Jz7XT3IH,5/4/25,5/3/25,10249.45,Due,Inactive
wUvtbXqEVF,Jz7XT3IH,11/4/25,,0,Draft,Active
7LCXPOYYQN,PCicet6X,6/23/24,8/21/24,5974.36,Arrears,Inactive
P8eH2TKjdt,PCicet6X,9/23/24,9/20/24,5974.36,Due,Inactive
uRnMhuLRw7,PCicet6X,12/23/24,12/24/24,5974.36,Due,Inactive
IBnJbyGYKe,PCicet6X,3/23/25,9/8/25,5974.36,Long-Term Arrears,Inactive
KVcolwXLjL,PCicet6X,6/23/25,,0,Draft,Active
APyZFzUCX4,yRe0g1jH,2/13/25,3/20/25,11872.46,Arrears,Inactive
8WSE0Vs4RD,yRe0g1jH,8/13/25,,0,Draft,Active
23c4CcPCrC,PxxKufIH,8/17/24,8/18/24,2274.85,Due,Inactive
DUkJIwyKAS,PxxKufIH,9/17/24,11/14/24,2274.85,Arrears,Inactive
sQ7AzTqelD,PxxKufIH,10/17/24,10/18/24,2274.85,Due,Inactive
H4VM5RZY1R,PxxKufIH,11/17/24,11/18/24,2274.85,Due,Inactive
1lS6hj0cAq,PxxKufIH,12/17/24,12/15/24,2274.85,Due,Inactive
J613KAk1Lb,PxxKufIH,1/17/25,,0,Draft,Active
Q6oUs9b3Nm,JrGtZ7Ji,6/29/25,,0,Draft,Active
Z8X98rJmYG,r2O8IZXF,12/13/24,12/11/24,2068.22,Due,Inactive
Er6yLZQFyM,r2O8IZXF,1/13/25,1/13/25,2068.22,Due,Inactive
bAhLJaQFSn,r2O8IZXF,2/13/25,2/10/25,2068.22,Due,Inactive
6S7au0a9Nx,r2O8IZXF,3/13/25,7/22/25,2068.22,Long-Term Arrears,Inactive
eZkoo4rpmN,r2O8IZXF,4/13/25,5/28/25,2068.22,Arrears,Inactive
LpGYnrtDco,r2O8IZXF,5/13/25,7/4/25,2068.22,Arrears,Inactive
ZQpQVqRklu,r2O8IZXF,6/13/25,,0,Draft,Active
V4YX653PCI,hjBBGmRr,12/2/25,,0,Draft,Active
n1tt3eIaW4,U6pddLFc,9/14/24,9/13/24,11540.74,Due,Inactive
rvZGQ3JWSq,U6pddLFc,3/14/25,3/13/25,11540.74,Due,Inactive
j5zDXwRQ4U,U6pddLFc,9/14/25,,0,Draft,Active
rogzLXtibA,1oDdcQvX,2/17/25,4/4/25,6560.38,Arrears,Inactive
W5583et5DG,1oDdcQvX,5/17/25,5/16/25,6560.38,Due,Inactive
JE2C05XUhW,1oDdcQvX,8/17/25,,0,Draft,Active
GytYanYwPw,BGcI0SHh,6/20/25,,0,Draft,Active
0fcT0Jhers,1AWwLF2N,10/11/24,11/29/24,5492.78,Arrears,Inactive
Aa3Qhr9lH9,1AWwLF2N,1/11/25,2/23/25,5492.78,Arrears,Inactive
odYshO8R0S,1AWwLF2N,4/11/25,4/13/25,5492.78,Due,Inactive
6eTHYRRDLf,1AWwLF2N,7/11/25,,0,Draft,Active
lKcbqRr2Xj,xN0pWiMO,7/27/24,7/29/24,9765.84,Due,Inactive
djj76WSHTz,xN0pWiMO,1/27/25,3/18/25,9765.84,Arrears,Inactive
RsoYD0FYyU,xN0pWiMO,7/27/25,,0,Draft,Active
aBTftEJlAf,5HKvIl9a,5/5/25,,0,Draft,Active
FRj3kOzjNJ,t3SQ0nDL,4/5/25,5/30/25,24588.01,Arrears,Inactive
qnSLrtnUzh,t3SQ0nDL,4/5/26,,0,Draft,Active
hmE6elvQvx,YqlMD304,6/2/25,,0,Draft,Active
0qtpuy7GtA,Qc2K6cdY,11/24/25,,0,Draft,Active
TBFEM9VCaQ,xZp4hE2M,4/14/24,6/3/24,1648.76,Arrears,Inactive
D1GC0RJb6g,xZp4hE2M,5/14/24,5/14/24,1648.76,Due,Inactive
C5whW9LPsJ,xZp4hE2M,6/14/24,6/16/24,1648.76,Due,Inactive
Ohto8o9sdE,xZp4hE2M,7/14/24,8/27/24,1648.76,Arrears,Inactive
jufr6yBGRI,xZp4hE2M,8/14/24,8/12/24,1648.76,Due,Inactive
qsSLVm2Lz0,xZp4hE2M,9/14/24,10/24/24,1648.76,Arrears,Inactive
hKAlMIjCiC,xZp4hE2M,10/14/24,10/12/24,1648.76,Due,Inactive
z4M8ghv0JG,xZp4hE2M,11/14/24,11/16/24,1648.76,Due,Inactive
eVEAyWnzVf,xZp4hE2M,12/14/24,12/15/24,1648.76,Due,Inactive
lY5otbsCpx,xZp4hE2M,1/14/25,6/23/25,1648.76,Long-Term Arrears,Inactive
tx41FTLAj7,xZp4hE2M,2/14/25,4/9/25,1648.76,Arrears,Inactive
49aROuZE4H,xZp4hE2M,3/14/25,3/16/25,1648.76,Due,Inactive
ilkwqCU9ss,xZp4hE2M,4/14/25,4/16/25,1648.76,Due,Inactive
xaAaI1JyFN,xZp4hE2M,5/14/25,5/16/25,1648.76,Due,Inactive
6bqmVEkBJ0,xZp4hE2M,6/14/25,,0,Draft,Active
bHwB8FAG4t,VKTV7Xxf,9/19/24,9/20/24,7317.07,Due,Inactive
HBMRksoPSI,VKTV7Xxf,12/19/24,12/18/24,7317.07,Due,Inactive
L1zJiNLoKo,VKTV7Xxf,3/19/25,5/9/25,7317.07,Arrears,Inactive
qd8a7BDQfu,VKTV7Xxf,6/19/25,,0,Draft,Active
SeMhuLGQm0,qiS2SMpN,4/24/24,4/21/24,1920.59,Due,Inactive
cNjh8ATrrs,qiS2SMpN,5/24/24,5/22/24,1920.59,Due,Inactive
fMVGLiKZCb,qiS2SMpN,6/24/24,6/25/24,1920.59,Due,Inactive
F9tVXBksSz,qiS2SMpN,7/24/24,,0,Void,Inactive
7NWKBKauXa,nLhGU3q1,8/21/24,8/19/24,2369.61,Due,Inactive
3Zw5hFre9j,nLhGU3q1,9/21/24,10/27/24,2369.61,Arrears,Inactive
MrhcR4TYi4,nLhGU3q1,10/21/24,10/22/24,2369.61,Due,Inactive
wQjZs5iCef,nLhGU3q1,11/21/24,11/19/24,2369.61,Due,Inactive
VmWUqeuwDO,nLhGU3q1,12/21/24,12/23/24,2369.61,Due,Inactive
fJVhGiqpZZ,nLhGU3q1,1/21/25,1/22/25,2369.61,Due,Inactive
doDJB5Ld9n,nLhGU3q1,2/21/25,4/17/25,2369.61,Arrears,Inactive
G9TGL2irjL,nLhGU3q1,3/21/25,9/11/25,2369.61,Long-Term Arrears,Inactive
MckffifnvT,nLhGU3q1,4/21/25,4/22/25,2369.61,Due,Inactive
kXjVYyGAdj,nLhGU3q1,5/21/25,7/15/25,2369.61,Arrears,Inactive
B3f8HwMXgq,nLhGU3q1,6/21/25,,0,Draft,Active
TQQanHv7N4,Jr3bGAuI,9/3/24,10/9/24,4639.79,Arrears,Inactive
rd7DbIRtk5,Jr3bGAuI,12/3/24,12/1/24,4639.79,Due,Inactive
asvcRfk3eO,Jr3bGAuI,3/3/25,3/5/25,4639.79,Due,Inactive
Ll3CRxtj0S,Jr3bGAuI,6/3/25,,0,Draft,Active
lQj2dGKGVN,IG1ZqZar,9/28/24,11/12/24,7253.49,Arrears,Inactive
g01RwZfJUe,IG1ZqZar,12/28/24,12/29/24,7253.49,Due,Inactive
9DBEEFhiWK,IG1ZqZar,3/28/25,3/27/25,7253.49,Due,Inactive
t0DEIc9nSv,IG1ZqZar,6/28/25,,0,Draft,Active
zQSc5INm5j,eT5YnVsg,11/24/24,,0,Void,Inactive
XCPclDZEry,GK6n88tF,3/1/25,2/26/25,20926.44,Due,Inactive
JbB0dDViBb,GK6n88tF,3/1/26,,0,Draft,Active
fIJryrRdDE,US4lNYOg,6/5/24,6/3/24,1942.31,Due,Inactive
xMacz3qtzP,US4lNYOg,7/5/24,10/11/24,1942.31,Long-Term Arrears,Inactive
ByXFDqxFUd,US4lNYOg,8/5/24,8/5/24,1942.31,Due,Inactive
f9XITmnoq6,US4lNYOg,9/5/24,10/14/24,1942.31,Arrears,Inactive
hFxCSBxjOS,US4lNYOg,10/5/24,10/5/24,1942.31,Due,Inactive
BO3qWsPnhG,US4lNYOg,11/5/24,11/6/24,1942.31,Due,Inactive
NgKF0ux2Pp,US4lNYOg,12/5/24,1/8/25,1942.31,Arrears,Inactive
YLFo68Awjf,US4lNYOg,1/5/25,2/26/25,1942.31,Arrears,Inactive
O2yYE5uMi7,US4lNYOg,2/5/25,3/14/25,1942.31,Arrears,Inactive
Xjr26sR5wd,US4lNYOg,3/5/25,4/23/25,1942.31,Arrears,Inactive
2K9TomZKCp,US4lNYOg,4/5/25,9/18/25,1942.31,Long-Term Arrears,Inactive
NXs9Oa64pr,US4lNYOg,5/5/25,5/7/25,1942.31,Due,Inactive
iTfM0a8KBW,US4lNYOg,6/5/25,,0,Draft,Active
m9MBt82TfX,tyfaHEUJ,12/23/24,12/25/24,10416.39,Due,Inactive
E15u2dBfNj,tyfaHEUJ,6/23/25,,0,Draft,Active
J7xjdtgf1l,fabhJxii,8/5/24,9/30/24,14391.87,Arrears,Inactive
ywEpojF2l7,fabhJxii,2/5/25,3/25/25,14391.87,Arrears,Inactive
1jJWRgI0DE,fabhJxii,8/5/25,,0,Draft,Active
s3AOIN3RHV,R0ehSFAD,3/22/25,3/22/25,11857.01,Due,Inactive
L7iAx09TPp,R0ehSFAD,9/22/25,,0,Draft,Active
CKMnSX9dYV,1fBezHJS,2/7/25,2/6/25,4559.5,Due,Inactive
MUNxh32uhe,1fBezHJS,5/7/25,5/6/25,4559.5,Due,Inactive
WNdF5tArrf,1fBezHJS,8/7/25,,0,Draft,Active
EUiaqoNEPn,cx6anZK5,12/28/24,12/29/24,5035.91,Due,Inactive
o05JwPyR3Z,cx6anZK5,3/28/25,4/28/25,5035.91,Arrears,Inactive
jRIxTzdXUs,cx6anZK5,6/28/25,,0,Draft,Active
2JAtpZyfiT,BLEioxqz,9/12/24,9/11/24,2208.38,Due,Inactive
tF043u8QYT,BLEioxqz,10/12/24,10/9/24,2208.38,Due,Inactive
KOr263Y91J,BLEioxqz,11/12/24,1/8/25,2208.38,Arrears,Inactive
F90k9RYUyp,BLEioxqz,12/12/24,12/12/24,2208.38,Due,Inactive
pfXLDjV1KQ,BLEioxqz,1/12/25,1/11/25,2208.38,Due,Inactive
JjyVRT6NZI,BLEioxqz,2/12/25,2/14/25,2208.38,Due,Inactive
YCRpiAtbTP,BLEioxqz,3/12/25,3/11/25,2208.38,Due,Inactive
wtPxDl3mir,BLEioxqz,4/12/25,4/12/25,2208.38,Due,Inactive
0ugCdl2xVO,BLEioxqz,5/12/25,5/12/25,2208.38,Due,Inactive
pZt4SBLdSU,BLEioxqz,6/12/25,,0,Draft,Active
VTUPg2OMyK,ftNztcHY,7/30/25,,0,Draft,Active
jhkRWbwhco,rpZoBhZP,1/22/25,1/22/25,11611.36,Due,Inactive
2UjFklHG9S,rpZoBhZP,7/22/25,,0,Draft,Active
R5Hanjinpd,XNpR0jFl,9/7/24,9/4/24,11999.6,Due,Inactive
FVuPld8NiJ,XNpR0jFl,3/7/25,6/7/25,11999.6,Long-Term Arrears,Inactive
q0fLonC4kq,XNpR0jFl,9/7/25,,0,Draft,Active
9BTw824udA,IdhXXmJl,7/17/24,11/12/24,6460.06,Long-Term Arrears,Inactive
45yg3fmDJC,IdhXXmJl,10/17/24,10/18/24,6460.06,Due,Inactive
m6h7sJ6spM,IdhXXmJl,1/17/25,3/8/25,6460.06,Arrears,Inactive
RleYkqzjMS,IdhXXmJl,4/17/25,4/15/25,6460.06,Due,Inactive
LtcUZdCDek,IdhXXmJl,7/17/25,,0,Draft,Active
AST1jL1Hr3,QO2OPXkg,12/29/24,2/8/25,9811.22,Arrears,Inactive
EVF7rtZpad,QO2OPXkg,6/29/25,,0,Draft,Active
srW3bT0zRK,sky0BtiK,1/30/25,3/3/25,5115.86,Arrears,Inactive
Xlgr8C6ZFG,sky0BtiK,4/30/25,4/27/25,5115.86,Due,Inactive
jFJepYbfhl,sky0BtiK,7/30/25,,0,Draft,Active
goBSOcdknb,Zz93DU5D,7/26/24,7/27/24,14988.34,Due,Inactive
2dOwIRBetg,Zz93DU5D,1/26/25,1/28/25,14988.34,Due,Inactive
HEHuM98I4M,Zz93DU5D,7/26/25,,0,Draft,Active
3EIWuwBlzB,fEFgfM7j,1/18/25,1/18/25,1651.4,Due,Inactive
kHedMuIlMD,fEFgfM7j,2/18/25,4/9/25,1651.4,Arrears,Inactive
h7aXHxBgRu,fEFgfM7j,3/18/25,5/2/25,1651.4,Arrears,Inactive
QaWipbZwr0,fEFgfM7j,4/18/25,4/18/25,1651.4,Due,Inactive
ak7YoheNxN,fEFgfM7j,5/18/25,,0,Draft,Active
IS9HDxgnCv,5dQSMDM1,10/18/24,12/12/24,6952.56,Arrears,Inactive
SG57Vt59wl,5dQSMDM1,1/18/25,1/20/25,6952.56,Due,Inactive
KvwWqtCSfI,5dQSMDM1,4/18/25,4/18/25,6952.56,Due,Inactive
0HlG5s0cdX,5dQSMDM1,7/18/25,,0,Draft,Active
7W4LkqB2c9,J6wRF1rF,4/14/25,4/16/25,14020.92,Due,Inactive
CPU2lQu38m,J6wRF1rF,10/14/25,,0,Draft,Active
pKNnN1zpxF,T25V7z0r,2/28/25,2/27/25,11200.42,Due,Inactive
5FF60HicUD,T25V7z0r,8/28/25,,0,Draft,Active
5hzhbe0s9V,qQNsgecx,9/27/25,,0,Draft,Active
MXIAdc1MUb,eO0Z1kOH,5/9/24,6/22/24,2032.24,Arrears,Inactive
CKCALpYKvP,eO0Z1kOH,6/9/24,6/6/24,2032.24,Due,Inactive
jH5hBi2gdt,eO0Z1kOH,7/9/24,11/7/24,2032.24,Long-Term Arrears,Inactive
2YVH1Lo20D,eO0Z1kOH,8/9/24,8/8/24,2032.24,Due,Inactive
UsJQhOvp17,eO0Z1kOH,9/9/24,9/9/24,2032.24,Due,Inactive
mP8IEac5vn,eO0Z1kOH,10/9/24,10/8/24,2032.24,Due,Inactive
3WdkAdsOxu,eO0Z1kOH,11/9/24,4/13/25,2032.24,Long-Term Arrears,Inactive
4gtBjrRhlL,eO0Z1kOH,12/9/24,12/7/24,2032.24,Due,Inactive
ideXmv1UyV,eO0Z1kOH,1/9/25,5/20/25,2032.24,Long-Term Arrears,Inactive
IvRRpWO946,eO0Z1kOH,2/9/25,4/9/25,2032.24,Arrears,Inactive
Xh8pie5wO1,eO0Z1kOH,3/9/25,5/5/25,2032.24,Arrears,Inactive
JOARV6eLoo,eO0Z1kOH,4/9/25,6/3/25,2032.24,Arrears,Inactive
5BusOzSljG,eO0Z1kOH,5/9/25,5/10/25,2032.24,Due,Inactive
vqsHdvVA5B,eO0Z1kOH,6/9/25,,0,Draft,Active
NsH31LbBcY,KIAcpR0C,4/22/24,4/24/24,6489.15,Due,Inactive
ZOVnBRPhmn,KIAcpR0C,7/22/24,9/18/24,6489.15,Arrears,Inactive
3IC4p4mHDq,KIAcpR0C,10/22/24,12/9/24,6489.15,Arrears,Inactive
GqFFWZdhx8,KIAcpR0C,1/22/25,1/19/25,6489.15,Due,Inactive
nN8JOT3xv7,KIAcpR0C,4/22/25,4/22/25,6489.15,Due,Inactive
Njl8i82rNe,KIAcpR0C,1/31/30,,0,Draft,Active
d93j5JbqvW,tAoO0Rax,9/19/24,11/13/24,4672.35,Arrears,Inactive
dfeEz2q4qG,tAoO0Rax,12/19/24,12/16/24,4672.35,Due,Inactive
i6U6UcJb1y,tAoO0Rax,3/19/25,3/19/25,4672.35,Due,Inactive
trkGHE6Us1,tAoO0Rax,6/19/25,,0,Draft,Active
9OQmeBzrAP,PtVulUoV,12/13/24,2/10/25,1850.18,Arrears,Inactive
QQCXfVZnLM,PtVulUoV,1/13/25,1/10/25,1850.18,Due,Inactive
XOC2eqDOKl,PtVulUoV,2/13/25,4/10/25,1850.18,Arrears,Inactive
OjQDMXVYdl,PtVulUoV,3/13/25,4/12/25,1850.18,Due,Inactive
xcZ8248C5g,PtVulUoV,4/13/25,4/15/25,1850.18,Due,Inactive
EnlZy4brcU,PtVulUoV,5/13/25,5/14/25,1850.18,Due,Inactive
Cw4S1r33rz,PtVulUoV,6/13/25,,0,Draft,Active
AVjVonVkJt,RG6uXrn0,3/14/25,8/21/25,11598.96,Long-Term Arrears,Inactive
TUtNNHhjoS,RG6uXrn0,9/14/25,,0,Draft,Active
hrgo41tXGR,N5WHiH7a,12/4/25,,0,Draft,Active
XnfvOfcsUm,mSiCgFiN,5/13/24,5/10/24,7407.03,Due,Inactive
V2r7ibYqwB,mSiCgFiN,8/13/24,9/24/24,7407.03,Arrears,Inactive
QRKITm3xdJ,mSiCgFiN,11/13/24,4/10/25,7407.03,Long-Term Arrears,Inactive
p2ifZEksHH,mSiCgFiN,2/13/25,3/30/25,7407.03,Arrears,Inactive
t0Se3QuHX6,mSiCgFiN,5/13/25,8/14/25,7407.03,Long-Term Arrears,Inactive
bVubUBWpAj,mSiCgFiN,8/13/25,,0,Draft,Active
tZc07nbgZC,k44Cb5SH,8/30/24,8/27/24,5022.22,Due,Inactive
6rmeA6DI3h,k44Cb5SH,11/30/24,12/2/24,5022.22,Due,Inactive
uJf8C1aI97,k44Cb5SH,2/28/25,3/2/25,5022.22,Due,Inactive
R9fYD7oEON,k44Cb5SH,5/28/25,7/23/25,5022.22,Arrears,Inactive
NS531zNv08,k44Cb5SH,8/28/25,,0,Draft,Active
JsFJzoS3h8,LMUXxwWj,11/24/25,,0,Draft,Active
wbDhYjzerZ,LGlxYGOx,9/18/24,12/20/24,12424.93,Long-Term Arrears,Inactive
dPU3SJ1YS1,LGlxYGOx,3/18/25,3/17/25,12424.93,Due,Inactive
NwMzessEut,LGlxYGOx,9/18/25,,0,Draft,Active
igLFRsMN8p,ZN4Icbdj,7/27/24,9/11/24,2010.9,Arrears,Inactive
HZIbCoO7rd,ZN4Icbdj,8/27/24,10/25/24,2010.9,Arrears,Inactive
L89sB2GyHN,ZN4Icbdj,9/27/24,9/26/24,2010.9,Due,Inactive
qgvHGiP1pY,ZN4Icbdj,10/27/24,10/29/24,2010.9,Due,Inactive
1xt4prTlkE,ZN4Icbdj,11/27/24,1/14/25,2010.9,Arrears,Inactive
1wuv6V03x1,ZN4Icbdj,12/27/24,12/25/24,2010.9,Due,Inactive
BuWl8jatSH,ZN4Icbdj,1/27/25,1/25/25,2010.9,Due,Inactive
Ea94TaM0DX,ZN4Icbdj,2/27/25,2/26/25,2010.9,Due,Inactive
eBsd57ZNyU,ZN4Icbdj,3/27/25,3/29/25,2010.9,Due,Inactive
ueeFu3BBTA,ZN4Icbdj,4/27/25,4/24/25,2010.9,Due,Inactive
SlRrj7hsXC,ZN4Icbdj,5/27/25,5/27/25,2010.9,Due,Inactive
HLu1ufCzr3,ZN4Icbdj,6/27/25,,0,Draft,Active
5aMYyPP3LJ,zjpkzarg,8/23/24,8/24/24,9936.5,Due,Inactive
dBKbqtwSIp,zjpkzarg,2/23/25,2/22/25,9936.5,Due,Inactive
hnHJXw1D2T,zjpkzarg,8/23/25,,0,Draft,Active
PEbdlLBdkC,66YdzkF4,10/30/25,,0,Draft,Active
tFGrkzI6CI,OU4HshyH,6/18/24,8/9/24,7003.72,Arrears,Inactive
5jzBCI0ucv,OU4HshyH,9/18/24,9/16/24,7003.72,Due,Inactive
MjpDxbM5q2,OU4HshyH,12/18/24,4/24/25,7003.72,Long-Term Arrears,Inactive
PXUXqayo3U,OU4HshyH,3/18/25,7/29/25,7003.72,Long-Term Arrears,Inactive
FAnUrBCdX3,OU4HshyH,6/18/25,,0,Draft,Active
uRGFtktCE9,vgKCYRwP,1/10/25,1/8/25,1921.63,Due,Inactive
QLCiuvGThh,vgKCYRwP,2/10/25,7/30/25,1921.63,Long-Term Arrears,Inactive
WlIc0muSVq,vgKCYRwP,3/10/25,4/17/25,1921.63,Arrears,Inactive
xKpCME5Zk4,vgKCYRwP,4/10/25,5/26/25,1921.63,Arrears,Inactive
pnojER1FmT,vgKCYRwP,5/10/25,,0,Draft,Active
XocFKKygoK,8t2fjXgQ,12/20/24,,0,Draft,Active
p27oTYNpl4,G5hKQTJq,8/4/25,,0,Draft,Active
MHnin6TEbg,48ZOjpZ1,2/23/25,2/22/25,21328.06,Due,Inactive
7d0c2GOXWZ,48ZOjpZ1,2/23/26,,0,Draft,Active
VWGMQnu4xn,VgJSV82r,5/6/24,5/7/24,2170.99,Due,Inactive
jfrjz1AuUt,VgJSV82r,6/6/24,6/5/24,2170.99,Due,Inactive
Tpt4dTfAxF,VgJSV82r,7/6/24,10/9/24,2170.99,Long-Term Arrears,Inactive
LYuSVBlJDf,VgJSV82r,8/6/24,9/30/24,2170.99,Arrears,Inactive
bu68Lpkl2B,VgJSV82r,9/6/24,9/6/24,2170.99,Due,Inactive
8gBPSoJ2Nz,VgJSV82r,10/6/24,11/6/24,2170.99,Arrears,Inactive
75jZHIhDd9,VgJSV82r,11/6/24,11/5/24,2170.99,Due,Inactive
f1a9NUjQAw,VgJSV82r,12/6/24,1/15/25,2170.99,Arrears,Inactive
xwSf3xJfgW,VgJSV82r,1/6/25,1/7/25,2170.99,Due,Inactive
GfNY8qrJJS,VgJSV82r,2/6/25,2/5/25,2170.99,Due,Inactive
nDbeyu73UR,VgJSV82r,3/6/25,6/4/25,2170.99,Arrears,Inactive
U9WP6QqR7V,VgJSV82r,4/6/25,6/4/25,2170.99,Arrears,Inactive
Uh4TGrezhV,VgJSV82r,5/6/25,7/4/25,2170.99,Arrears,Inactive
R6cCgBNu7S,VgJSV82r,6/6/25,,0,Draft,Active
q174mPkJI1,KbAmc5O5,5/18/24,6/21/24,6212.73,Arrears,Inactive
puyrc71gxV,KbAmc5O5,8/18/24,8/20/24,6212.73,Due,Inactive
uT7TPOo7QI,KbAmc5O5,11/18/24,1/15/25,6212.73,Arrears,Inactive
u7HKX0KN1V,KbAmc5O5,2/18/25,2/18/25,6212.73,Due,Inactive
jtD26STGI2,KbAmc5O5,5/18/25,5/17/25,6212.73,Due,Inactive
QdkoO2HeMr,KbAmc5O5,8/18/25,,0,Draft,Active
vFU7XTFEZW,JTmKecVZ,6/7/24,7/19/24,2397.92,Arrears,Inactive
GFXx025jXg,JTmKecVZ,7/7/24,7/4/24,2397.92,Due,Inactive
N3pCR8IZiv,JTmKecVZ,8/7/24,8/6/24,2397.92,Due,Inactive
lDUuJSUfK6,JTmKecVZ,9/7/24,9/9/24,2397.92,Due,Inactive
cqbq5h6WEI,JTmKecVZ,10/7/24,10/9/24,2397.92,Due,Inactive
ZgAwVPhGYJ,JTmKecVZ,11/7/24,1/5/25,2397.92,Arrears,Inactive
0qhQa55MEQ,JTmKecVZ,12/7/24,4/26/25,2397.92,Long-Term Arrears,Inactive
O9aFOrnkui,JTmKecVZ,1/7/25,1/7/25,2397.92,Due,Inactive
ClUAaLTyLm,JTmKecVZ,2/7/25,2/8/25,2397.92,Due,Inactive
5SUVeZGr59,JTmKecVZ,3/7/25,3/8/25,2397.92,Due,Inactive
sL8rCe4o59,JTmKecVZ,4/7/25,4/7/25,2397.92,Due,Inactive
wzfRbPcT2n,JTmKecVZ,5/7/25,5/5/25,2397.92,Due,Inactive
BzracoRXlf,JTmKecVZ,6/7/25,,0,Draft,Active
kBmuJCKvlW,FpxrLHs1,4/29/25,5/30/25,22396.78,Arrears,Inactive
J2ZZjHjg9X,FpxrLHs1,4/29/26,,0,Draft,Active
u2IB3rj7xr,lneh9qmi,5/3/24,5/5/24,4755.38,Due,Inactive
b6vvBUj16v,lneh9qmi,8/3/24,8/2/24,4755.38,Due,Inactive
Br0ppJG3ri,lneh9qmi,11/3/24,12/5/24,4755.38,Arrears,Inactive
ByFJ3EjjEG,lneh9qmi,2/3/25,2/3/25,4755.38,Due,Inactive
IENaGn2VJq,lneh9qmi,5/3/25,6/20/25,4755.38,Arrears,Inactive
EYtzbV0767,lneh9qmi,8/3/25,,0,Draft,Active
2sKLmGe22q,aLkQyFd6,10/21/24,10/22/24,7192.52,Due,Inactive
ywOYnSaTtd,aLkQyFd6,1/21/25,2/20/25,7192.52,Due,Inactive
qR1a2gmuUE,aLkQyFd6,4/21/25,4/23/25,7192.52,Due,Inactive
d3ZtOnzmFY,aLkQyFd6,7/21/25,,0,Draft,Active
ZOe8CENka5,5E6atjNZ,3/30/25,3/29/25,11097.54,Due,Inactive
gWFefEc0Zu,5E6atjNZ,9/30/25,,0,Draft,Active
KYH7ImtrRy,iiitKi3U,6/13/24,6/11/24,1901.59,Due,Inactive
WWXY8pl3Gb,iiitKi3U,7/13/24,,0,Void,Inactive
AGAjz7kgR3,M3xPbnRM,10/8/25,,0,Draft,Active
VvWmChfYzH,W0ofGs1p,1/6/25,1/7/25,1754,Due,Inactive
GDeKlFZScc,W0ofGs1p,2/6/25,2/8/25,1754,Due,Inactive
U4CSytJ3z2,W0ofGs1p,3/6/25,,0,Draft,Active
q32kzH3UuL,hzGnNRzl,3/17/25,8/21/25,10630.45,Long-Term Arrears,Inactive
BSkRSNRBAm,hzGnNRzl,9/17/25,,0,Draft,Active
PqaXolTVfp,b7ft2DeW,7/20/24,7/17/24,10204.54,Due,Inactive
5TAyCpy9XR,b7ft2DeW,1/20/25,,0,Draft,Active
BZ057DGzze,Fpx4e9pe,10/26/24,,0,Void,Inactive
pNdahENHi0,epWfBfJv,12/16/25,,0,Draft,Active
xZvpFv89nr,S6JXyfmz,8/22/24,8/21/24,10751.91,Due,Inactive
nzZdycPX91,S6JXyfmz,2/22/25,2/24/25,10751.91,Due,Inactive
grxOxQGpdH,S6JXyfmz,8/22/25,,0,Draft,Active
qRIzE5m5SN,iUvR3o6W,12/1/25,,0,Draft,Active
3vIxaJeF5I,ju5OBGfE,8/7/25,,0,Draft,Active
Wl5DO6YSdD,MwRmOI9A,6/12/25,,0,Draft,Active
r8nsw362YX,erXeNPLd,11/12/24,11/11/24,11049.68,Due,Inactive
gtq9I2WxRP,erXeNPLd,5/12/25,5/14/25,11049.68,Due,Inactive
6KiAVSjk5f,erXeNPLd,11/12/25,,0,Draft,Active
Y6ZLe17O1B,QWJs1fkf,10/30/25,,0,Draft,Active
dknOkqgU6h,J2LjpvN0,5/11/24,6/13/24,7212.88,Arrears,Inactive
UD1HsZlAI7,J2LjpvN0,8/11/24,,0,Void,Inactive
sT20EVy51x,pSZQxN8v,10/6/25,,0,Draft,Active
Ox9AGZx5lD,T6j4GonE,4/13/25,5/29/25,14267.12,Arrears,Inactive
AmJxGhVEbD,T6j4GonE,10/13/25,,0,Draft,Active
AIiGKqEBhL,1rS9NWzX,7/17/24,9/3/24,2290.54,Arrears,Inactive
KN56M7EymI,1rS9NWzX,8/17/24,8/16/24,2290.54,Due,Inactive
ScnKnzpFtf,1rS9NWzX,9/17/24,11/6/24,2290.54,Arrears,Inactive
MUlIqDL6gw,1rS9NWzX,10/17/24,10/17/24,2290.54,Due,Inactive
pU0HZbjXQi,1rS9NWzX,11/17/24,1/13/25,2290.54,Arrears,Inactive
iQNSfuG3Sv,1rS9NWzX,12/17/24,12/18/24,2290.54,Due,Inactive
wNlYilSqYs,1rS9NWzX,1/17/25,1/18/25,2290.54,Due,Inactive
Bocwbx4iVq,1rS9NWzX,2/17/25,2/16/25,2290.54,Due,Inactive
NoBdDX9dO3,1rS9NWzX,3/17/25,7/31/25,2290.54,Long-Term Arrears,Inactive
h0RQHjwZnd,1rS9NWzX,4/17/25,4/19/25,2290.54,Due,Inactive
YsNNSaJd2l,1rS9NWzX,5/17/25,7/3/25,2290.54,Arrears,Inactive
75JIYvOKui,1rS9NWzX,6/17/25,,0,Draft,Active
srKQdYiVKM,Ke4o74ob,10/5/24,10/7/24,5795.87,Due,Inactive
iEeTePuz91,Ke4o74ob,1/5/25,1/7/25,5795.87,Due,Inactive
1bXstnojwL,Ke4o74ob,4/5/25,,0,Draft,Active
H53rWihjq9,EpCzFtl9,6/9/24,6/9/24,1797.24,Due,Inactive
lZjX1L67CS,EpCzFtl9,7/9/24,7/6/24,1797.24,Due,Inactive
0i7biSZVDj,EpCzFtl9,8/9/24,8/9/24,1797.24,Due,Inactive
HY2Qnk1Sgb,EpCzFtl9,9/9/24,10/14/24,1797.24,Arrears,Inactive
d12PVt7zoE,EpCzFtl9,10/9/24,,0,Void,Inactive
nAqLldxAAC,JNqOAIPM,6/28/25,,0,Draft,Active
aIVAmDEkt5,8trkFJz2,6/1/25,,0,Draft,Active
GUTm1YZFY9,FJTmwAuO,3/17/25,7/16/25,5405.44,Long-Term Arrears,Inactive
6E8LBKrSaN,FJTmwAuO,6/17/25,,0,Draft,Active
VLjOssBbUN,xkzbX7HU,12/15/24,12/13/24,7310.53,Due,Inactive
RqwrAyHCNC,xkzbX7HU,3/15/25,3/16/25,7310.53,Due,Inactive
4rWQbIjpDh,xkzbX7HU,6/15/25,,0,Draft,Active
p6x51pwdEm,blCpzLS1,4/1/24,3/30/24,2427.5,Due,Inactive
hL0p0nDliw,blCpzLS1,5/1/24,5/31/24,2427.5,Due,Inactive
Rk35mVIzZl,blCpzLS1,6/1/24,5/30/24,2427.5,Due,Inactive
LVZDazU7IM,blCpzLS1,7/1/24,7/2/24,2427.5,Due,Inactive
RzL8SIv6GO,blCpzLS1,8/1/24,8/2/24,2427.5,Due,Inactive
x6lHMlE4Rp,blCpzLS1,9/1/24,8/29/24,2427.5,Due,Inactive
mA9UGAhsip,blCpzLS1,10/1/24,10/1/24,2427.5,Due,Inactive
pKNPt7ZoSU,blCpzLS1,11/1/24,10/29/24,2427.5,Due,Inactive
0W5nJxjAbF,blCpzLS1,12/1/24,12/1/24,2427.5,Due,Inactive
wXEDYm2PYf,blCpzLS1,1/1/25,12/29/24,2427.5,Due,Inactive
bGLSKgUg3l,blCpzLS1,2/1/25,,0,Draft,Active
vg9NAJ3fn1,T6bx8FSu,9/10/24,9/7/24,7361.41,Due,Inactive
T11pATZ2TS,T6bx8FSu,12/10/24,,0,Draft,Active
X8h7ci9oM6,kqXAgRCI,6/26/24,6/27/24,4936.87,Due,Inactive
JFxuuvYjCy,kqXAgRCI,9/26/24,9/28/24,4936.87,Due,Inactive
fo4kHoIohL,kqXAgRCI,12/26/24,12/24/24,4936.87,Due,Inactive
mEwhHsthLa,kqXAgRCI,3/26/25,3/23/25,4936.87,Due,Inactive
dBOkSAFzlP,kqXAgRCI,6/26/25,,0,Draft,Active
kE9iwLSorr,mYr1FLwJ,5/3/24,6/2/24,2446.27,Due,Inactive
OV5dXonEkZ,mYr1FLwJ,6/3/24,11/1/24,2446.27,Long-Term Arrears,Inactive
IFbDnVrHK7,mYr1FLwJ,7/3/24,7/3/24,2446.27,Due,Inactive
XDpt8JHfwO,mYr1FLwJ,8/3/24,9/22/24,2446.27,Arrears,Inactive
OM3xmvPwZS,mYr1FLwJ,9/3/24,8/31/24,2446.27,Due,Inactive
7IsSWePcdJ,mYr1FLwJ,10/3/24,10/1/24,2446.27,Due,Inactive
To1pBl6b3g,mYr1FLwJ,11/3/24,11/4/24,2446.27,Due,Inactive
2iaHP9vKfX,mYr1FLwJ,12/3/24,12/4/24,2446.27,Due,Inactive
SGY74IZf6T,mYr1FLwJ,1/3/25,2/8/25,2446.27,Arrears,Inactive
F5QGLSDXtw,mYr1FLwJ,2/3/25,3/5/25,2446.27,Due,Inactive
PhbaPQWRNZ,mYr1FLwJ,3/3/25,3/1/25,2446.27,Due,Inactive
qohafPwKXu,mYr1FLwJ,4/3/25,,0,Draft,Active
QTC2hsmYdz,NvXHs5vH,6/10/24,6/12/24,2173.72,Due,Inactive
QAcAw9ezya,NvXHs5vH,7/10/24,10/29/24,2173.72,Long-Term Arrears,Inactive
A6pTwmxILY,NvXHs5vH,8/10/24,9/16/24,2173.72,Arrears,Inactive
IFjeYr60ar,NvXHs5vH,9/10/24,9/7/24,2173.72,Due,Inactive
qcdGyXG7uI,NvXHs5vH,10/10/24,10/12/24,2173.72,Due,Inactive
TYmKTForyi,NvXHs5vH,11/10/24,11/12/24,2173.72,Due,Inactive
XrHEQ3h0CI,NvXHs5vH,12/10/24,1/20/25,2173.72,Arrears,Inactive
MrVdGA067R,NvXHs5vH,1/10/25,1/12/25,2173.72,Due,Inactive
ccjNzXBx0k,NvXHs5vH,2/10/25,3/20/25,2173.72,Arrears,Inactive
mJPQG2vx40,NvXHs5vH,3/10/25,3/7/25,2173.72,Due,Inactive
Q4zXXogxJw,NvXHs5vH,4/10/25,4/8/25,2173.72,Due,Inactive
gMduDSIgcq,NvXHs5vH,5/10/25,5/9/25,2173.72,Due,Inactive
zpIuNeJvUr,NvXHs5vH,6/10/25,,0,Draft,Active
DtjJZVe4JH,1JCr4Ygo,8/11/24,8/11/24,5157.18,Due,Inactive
whZQicLeVL,1JCr4Ygo,11/11/24,11/11/24,5157.18,Due,Inactive
sRgu6P9CJI,1JCr4Ygo,2/11/25,2/12/25,5157.18,Due,Inactive
97pcIwf3ea,1JCr4Ygo,5/11/25,5/9/25,5157.18,Due,Inactive
jcWwzkJ88q,1JCr4Ygo,8/11/25,,0,Draft,Active
KbkhAJCwOb,AijyKsje,4/26/25,4/28/25,27976.68,Due,Inactive
gKmLBy5r8g,AijyKsje,4/26/26,,0,Draft,Active
h4BSp5PuYJ,vsA0ebpI,7/16/24,7/17/24,14500.47,Due,Inactive
m1PYCqbwml,vsA0ebpI,1/16/25,1/17/25,14500.47,Due,Inactive
e4MyE5GyE6,vsA0ebpI,7/16/25,,0,Draft,Active
dDlqu1KOjA,zSuXKHKk,1/20/25,,0,Draft,Active
OEhpbZ4cg7,L1GT2Ozx,9/10/25,,0,Draft,Active
iLDBal1D2r,OaxTqsp1,4/17/24,4/14/24,6539.23,Due,Inactive
mfb3QmcYoF,OaxTqsp1,7/17/24,9/7/24,6539.23,Arrears,Inactive
O083hI4OD1,OaxTqsp1,10/17/24,10/17/24,6539.23,Due,Inactive
dB56mpUyxW,OaxTqsp1,1/17/25,1/18/25,6539.23,Due,Inactive
WUwzK89YGP,OaxTqsp1,4/17/25,4/18/25,6539.23,Due,Inactive
3cY0Tqsjzs,OaxTqsp1,7/17/25,,0,Draft,Active
gz8sNxukHa,kDNqmPl4,7/1/24,6/29/24,5999.23,Due,Inactive
tcLO5UQ8Je,kDNqmPl4,10/1/24,9/30/24,5999.23,Due,Inactive
3eKDwWJsDm,kDNqmPl4,1/1/25,2/6/25,5999.23,Arrears,Inactive
GAxCPo4TWL,kDNqmPl4,4/1/25,4/2/25,5999.23,Due,Inactive
RIofkGZxdb,kDNqmPl4,7/1/25,,0,Draft,Active
fFdgu5N0Xe,AoL7Yfos,10/13/24,10/14/24,6526.36,Due,Inactive
8ErcETwDTT,AoL7Yfos,1/13/25,1/15/25,6526.36,Due,Inactive
F7sq3A4Htp,AoL7Yfos,4/13/25,6/5/25,6526.36,Arrears,Inactive
iySsFzJNCg,AoL7Yfos,7/13/25,,0,Draft,Active
eVcYGh3Pta,k3pF338p,4/22/25,4/23/25,19793.88,Due,Inactive
2EPeQSolRP,k3pF338p,4/22/26,,0,Draft,Active
IW4vwrCJLt,L0P026U7,1/11/25,2/15/25,1760.81,Arrears,Inactive
lOnu9tKBtL,L0P026U7,2/11/25,2/12/25,1760.81,Due,Inactive
tUateMhMaI,L0P026U7,3/11/25,3/13/25,1760.81,Due,Inactive
nUUUrxo2Wm,L0P026U7,4/11/25,9/4/25,1760.81,Long-Term Arrears,Inactive
EXr854qcDG,L0P026U7,5/11/25,5/8/25,1760.81,Due,Inactive
pGFqW2O8w0,L0P026U7,6/11/25,,0,Draft,Active
qR7K2bkCIa,uj4abY3U,7/20/24,7/19/24,2224.98,Due,Inactive
E2s2nUPkoI,uj4abY3U,8/20/24,11/22/24,2224.98,Long-Term Arrears,Inactive
PieU8iGKB0,uj4abY3U,9/20/24,9/18/24,2224.98,Due,Inactive
qZVgPPPqU2,uj4abY3U,10/20/24,10/22/24,2224.98,Due,Inactive
TU6lv6Ih9k,uj4abY3U,11/20/24,1/17/25,2224.98,Arrears,Inactive
0hNXn9BLlf,uj4abY3U,12/20/24,12/18/24,2224.98,Due,Inactive
AjGxGwzqke,uj4abY3U,1/20/25,1/19/25,2224.98,Due,Inactive
qy1Fq0rdU3,uj4abY3U,2/20/25,4/9/25,2224.98,Arrears,Inactive
QY0NSchGJb,uj4abY3U,3/20/25,3/21/25,2224.98,Due,Inactive
JDTE61cCD1,uj4abY3U,4/20/25,9/27/25,2224.98,Long-Term Arrears,Inactive
B2sScnb0a9,uj4abY3U,5/20/25,5/20/25,2224.98,Due,Inactive
E4gHlaYcC4,uj4abY3U,6/20/25,,0,Draft,Active
fSGVAvFA91,uYpkQRHD,11/30/25,,0,Draft,Active
O3QXwDCVwp,DBEfOHVA,3/26/25,3/25/25,14754.22,Due,Inactive
8qbHr09Uw6,DBEfOHVA,9/26/25,,0,Draft,Active
92c6jZ9m6p,NSrYvY05,1/31/25,1/28/25,13696.65,Due,Inactive
OynTrzzBTn,NSrYvY05,7/31/25,,0,Draft,Active
E3OAxjGndU,T77DLiOh,12/28/24,12/25/24,6165.65,Due,Inactive
55SN0FLvbj,T77DLiOh,3/28/25,5/2/25,6165.65,Arrears,Inactive
9oV2jlcb9I,T77DLiOh,6/28/25,,0,Draft,Active
WmawXJYKvA,jwWUhVUX,10/17/25,,0,Draft,Active
yoVLpOL75k,kk1HRzfE,4/28/25,6/19/25,12822.5,Arrears,Inactive
1DyWZ63NWg,kk1HRzfE,10/28/25,,0,Draft,Active
uo1qhvcx0d,UY1BxWGe,12/15/25,,0,Draft,Active
lIs4zbazpL,TRl5HZjv,3/22/24,,0,Void,Inactive
lUiJC4d1ly,cnLKmIEm,7/7/24,,0,Void,Inactive
GoYDucLLVy,99NmhQmd,4/8/25,4/8/25,28536.66,Due,Inactive
39a4mDmmjU,99NmhQmd,4/8/26,,0,Draft,Active
HUdkengGP1,KiD6T0mX,12/7/24,12/7/24,5786.69,Due,Inactive
xuda8s6IRZ,KiD6T0mX,3/7/25,7/9/25,5786.69,Long-Term Arrears,Inactive
Q7Ren3hHUp,KiD6T0mX,6/7/25,,0,Draft,Active
siXDsj2aVA,vLCNFpkL,2/11/25,2/8/25,10252.52,Due,Inactive
iQP2GPuhqb,vLCNFpkL,8/11/25,,0,Draft,Active
m3yvfl1T1S,FsyDTsUz,5/4/25,5/3/25,26955.7,Due,Inactive
1dB5wgkGzc,FsyDTsUz,5/4/26,,0,Draft,Active
XyA6rkmOC6,kTAXMnQC,7/8/24,8/11/24,5167.65,Arrears,Inactive
Wr6JcGQs9v,kTAXMnQC,10/8/24,10/8/24,5167.65,Due,Inactive
fHQw2UPf6j,kTAXMnQC,1/8/25,1/10/25,5167.65,Due,Inactive
jL1nTNekEk,kTAXMnQC,4/8/25,4/7/25,5167.65,Due,Inactive
KBwiD49zel,kTAXMnQC,7/8/25,,0,Draft,Active
KJAPbX996x,Pw00t5jq,2/17/25,3/31/25,25017.49,Arrears,Inactive
NxmPwycOCj,Pw00t5jq,2/17/26,,0,Draft,Active
LYbfuBoP27,9oCIYnNo,4/5/24,4/4/24,5484.97,Due,Inactive
GioVZAmZJF,9oCIYnNo,7/5/24,7/6/24,5484.97,Due,Inactive
JiRrQzDWFI,9oCIYnNo,10/5/24,10/4/24,5484.97,Due,Inactive
uXWwZm3mfF,9oCIYnNo,1/5/25,1/7/25,5484.97,Due,Inactive
fdo7s9RZUj,9oCIYnNo,4/5/25,4/7/25,5484.97,Due,Inactive
qN7o3yrktp,9oCIYnNo,7/5/25,,0,Draft,Active
YLWbYwHhE9,vG4CJESQ,10/23/25,,0,Draft,Active
qgR2oEhRlb,uPg95fDp,10/18/25,,0,Draft,Active
F2wuuuzYDH,KW6WrKsv,5/15/24,5/16/24,1682.12,Due,Inactive
DAEaD6Vf1V,KW6WrKsv,6/15/24,7/19/24,1682.12,Arrears,Inactive
kn3hq8DqEm,KW6WrKsv,7/15/24,11/13/24,1682.12,Long-Term Arrears,Inactive
Oh5IRbgB5B,KW6WrKsv,8/15/24,9/21/24,1682.12,Arrears,Inactive
ede0rTnbTv,KW6WrKsv,9/15/24,11/3/24,1682.12,Arrears,Inactive
UUV0on4SeA,KW6WrKsv,10/15/24,10/12/24,1682.12,Due,Inactive
ZAmk7tu1tF,KW6WrKsv,11/15/24,11/12/24,1682.12,Due,Inactive
pfI6pvxVsT,KW6WrKsv,12/15/24,12/16/24,1682.12,Due,Inactive
74C4tBZKtQ,KW6WrKsv,1/15/25,1/14/25,1682.12,Due,Inactive
0fXtNPRj4m,KW6WrKsv,2/15/25,2/16/25,1682.12,Due,Inactive
35WPUhGNu3,KW6WrKsv,3/15/25,4/25/25,1682.12,Arrears,Inactive
OypwTWMsK0,KW6WrKsv,4/15/25,4/15/25,1682.12,Due,Inactive
Sa6FxFv4Ky,KW6WrKsv,5/15/25,5/15/25,1682.12,Due,Inactive
pOAUtYUgJM,KW6WrKsv,6/15/25,,0,Draft,Active
HG6KVHo32T,99IXAoQP,9/17/25,,0,Draft,Active
OUIwcHaHrn,l0OZNJEg,12/8/24,12/8/24,2360.41,Due,Inactive
7rN6KYLDIx,l0OZNJEg,1/8/25,2/14/25,2360.41,Arrears,Inactive
5FNznnGdHX,l0OZNJEg,2/8/25,2/9/25,2360.41,Due,Inactive
aBgQBfBDuB,l0OZNJEg,3/8/25,3/6/25,2360.41,Due,Inactive
ME5w1aNXB7,l0OZNJEg,4/8/25,4/6/25,2360.41,Due,Inactive
db5R0oNEK5,l0OZNJEg,5/8/25,5/10/25,2360.41,Due,Inactive
HBS7i3zmGf,l0OZNJEg,6/8/25,,0,Draft,Active
L0qRUoZuV9,zQynENrT,4/6/24,4/3/24,1676.97,Due,Inactive
CGhoVOwFPW,zQynENrT,5/6/24,6/10/24,1676.97,Arrears,Inactive
PjzxV9fJlO,zQynENrT,6/6/24,10/29/24,1676.97,Long-Term Arrears,Inactive
x1VQ7S8SQU,zQynENrT,7/6/24,8/23/24,1676.97,Arrears,Inactive
UbeSayvqRZ,zQynENrT,8/6/24,8/6/24,1676.97,Due,Inactive
y5ELwtmScc,zQynENrT,9/6/24,12/28/24,1676.97,Long-Term Arrears,Inactive
t0GjgRQIRO,zQynENrT,10/6/24,11/11/24,1676.97,Arrears,Inactive
nVpdTQtVOM,zQynENrT,11/6/24,12/24/24,1676.97,Arrears,Inactive
7556kFjhQ1,zQynENrT,12/6/24,12/5/24,1676.97,Due,Inactive
Xm5EP5iLsg,zQynENrT,1/6/25,1/7/25,1676.97,Due,Inactive
LqUo1Viv2p,zQynENrT,2/6/25,3/21/25,1676.97,Arrears,Inactive
ItNc2RHnxI,zQynENrT,3/6/25,3/3/25,1676.97,Due,Inactive
ytKqDDSerF,zQynENrT,4/6/25,4/8/25,1676.97,Due,Inactive
miG76Bq9Aq,zQynENrT,1/31/30,,0,Draft,Active
CQoH85PJ92,jsrwWjA5,7/12/24,8/12/24,2005.29,Arrears,Inactive
TTX9XbMvaz,jsrwWjA5,8/12/24,10/6/24,2005.29,Arrears,Inactive
luIqRoF3eK,jsrwWjA5,9/12/24,1/5/25,2005.29,Long-Term Arrears,Inactive
gYK2ASxTYV,jsrwWjA5,10/12/24,10/12/24,2005.29,Due,Inactive
WYzcuUTWZq,jsrwWjA5,11/12/24,11/11/24,2005.29,Due,Inactive
ohwqhnwgam,jsrwWjA5,12/12/24,2/4/25,2005.29,Arrears,Inactive
CLSI88Bcps,jsrwWjA5,1/12/25,1/10/25,2005.29,Due,Inactive
krGQbQMBUA,jsrwWjA5,2/12/25,6/18/25,2005.29,Long-Term Arrears,Inactive
fBxOsrc1qW,jsrwWjA5,3/12/25,3/14/25,2005.29,Due,Inactive
tXw2DrqsJh,jsrwWjA5,4/12/25,4/9/25,2005.29,Due,Inactive
ZVUriWHZid,jsrwWjA5,5/12/25,9/5/25,2005.29,Long-Term Arrears,Inactive
dc9fHfXwYC,jsrwWjA5,6/12/25,,0,Draft,Active
BLRBNfmRHN,EVj2ekp2,6/22/24,,0,Void,Inactive
djoz9SiOIW,JiGPGvC5,10/12/24,10/13/24,10073.33,Due,Inactive
uMa2erLakc,JiGPGvC5,4/12/25,4/11/25,10073.33,Due,Inactive
NCIt3RsSx8,JiGPGvC5,10/12/25,,0,Draft,Active
IDi178fLFV,lP555BDN,12/27/24,2/8/25,5244.16,Arrears,Inactive
dsP21hNBwI,lP555BDN,3/27/25,5/1/25,5244.16,Arrears,Inactive
tqUhbvB9C6,lP555BDN,6/27/25,,0,Draft,Active
duy8DL3Z0s,CojQYEDO,7/16/24,9/7/24,1992.22,Arrears,Inactive
aWg7og1sYj,CojQYEDO,8/16/24,8/16/24,1992.22,Due,Inactive
puRtyp2zss,CojQYEDO,9/16/24,9/14/24,1992.22,Due,Inactive
uR0TQzxNtH,CojQYEDO,10/16/24,2/16/25,1992.22,Long-Term Arrears,Inactive
sJFQChCUJK,CojQYEDO,11/16/24,11/18/24,1992.22,Due,Inactive
XNd6itqtye,CojQYEDO,12/16/24,12/17/24,1992.22,Due,Inactive
bJDDiSTt4B,CojQYEDO,1/16/25,4/29/25,1992.22,Long-Term Arrears,Inactive
JkK6YzBUcn,CojQYEDO,2/16/25,2/13/25,1992.22,Due,Inactive
CWI19Ijmp5,CojQYEDO,3/16/25,4/17/25,1992.22,Arrears,Inactive
ZPvNSGJGXi,CojQYEDO,4/16/25,5/28/25,1992.22,Arrears,Inactive
lgjvtALp9t,CojQYEDO,5/16/25,5/14/25,1992.22,Due,Inactive
vww9VOKBxP,CojQYEDO,6/16/25,,0,Draft,Active
fzepvH4PlT,OgOrIQPh,5/17/25,5/15/25,10931.04,Due,Inactive
mbBCLP701S,OgOrIQPh,11/17/25,,0,Draft,Active
rowi2wg4Qm,Mi0lhzZK,5/12/24,5/12/24,7070.14,Due,Inactive
QIBRRSkBiL,Mi0lhzZK,8/12/24,9/14/24,7070.14,Arrears,Inactive
Ze684VAsqk,Mi0lhzZK,11/12/24,11/14/24,7070.14,Due,Inactive
BsDyW6NGrJ,Mi0lhzZK,2/12/25,3/23/25,7070.14,Arrears,Inactive
kZpSEQVqC7,Mi0lhzZK,5/12/25,5/9/25,7070.14,Due,Inactive
H0PkFE6hjZ,Mi0lhzZK,8/12/25,,0,Draft,Active
kJmc37watt,B2JhTs1y,4/27/24,,0,Void,Inactive
lO3u0WuDK6,CQ7Cs3qK,5/18/24,5/17/24,2406.8,Due,Inactive
h8i7LA2P0K,CQ7Cs3qK,6/18/24,6/17/24,2406.8,Due,Inactive
cbGnqfrQ0c,CQ7Cs3qK,7/18/24,7/19/24,2406.8,Due,Inactive
8cmRusNQ8U,CQ7Cs3qK,8/18/24,8/20/24,2406.8,Due,Inactive
NvTfRcxLCE,CQ7Cs3qK,9/18/24,9/18/24,2406.8,Due,Inactive
WQrl2j53xr,CQ7Cs3qK,10/18/24,10/18/24,2406.8,Due,Inactive
InTfHde1qZ,CQ7Cs3qK,11/18/24,11/16/24,2406.8,Due,Inactive
97xcR3tL05,CQ7Cs3qK,12/18/24,12/20/24,2406.8,Due,Inactive
fkwskUeM3U,CQ7Cs3qK,1/18/25,1/17/25,2406.8,Due,Inactive
QSuEyiHTZW,CQ7Cs3qK,2/18/25,2/18/25,2406.8,Due,Inactive
1kh4SsFTGb,CQ7Cs3qK,3/18/25,3/18/25,2406.8,Due,Inactive
dPRiW7sika,CQ7Cs3qK,4/18/25,4/15/25,2406.8,Due,Inactive
wqEtSnPJ30,CQ7Cs3qK,5/18/25,5/17/25,2406.8,Due,Inactive
WZ3NA4xrGV,CQ7Cs3qK,6/18/25,,0,Draft,Active
LTrLp75Rpc,XN0jmi56,3/8/25,3/7/25,9575.51,Due,Inactive
qedrtaHHxw,XN0jmi56,9/8/25,,0,Draft,Active
jsbSUvSZnK,7vJxUvKg,6/17/25,,0,Draft,Active
s0odfOOhdd,TIUcWZ5K,12/3/24,12/5/24,2064.98,Due,Inactive
SrLGdfiEz1,TIUcWZ5K,1/3/25,1/3/25,2064.98,Due,Inactive
GXbin3so3G,TIUcWZ5K,2/3/25,2/5/25,2064.98,Due,Inactive
Mm0phO05oh,TIUcWZ5K,3/3/25,4/2/25,2064.98,Due,Inactive
3KilXeUnR5,TIUcWZ5K,4/3/25,,0,Draft,Active
71XjifPsbs,lKvsgnH1,5/2/25,6/17/25,28452.12,Arrears,Inactive
6jNntbgA9k,lKvsgnH1,5/2/26,,0,Draft,Active
1qe2NHXjLR,JOaCHbHr,8/1/25,,0,Draft,Active
Mn3LL0gbi6,ulC6anW1,10/16/24,12/13/24,14192.24,Arrears,Inactive
fkncQLX2Qj,ulC6anW1,4/16/25,4/13/25,14192.24,Due,Inactive
OiJbw3P1m4,ulC6anW1,10/16/25,,0,Draft,Active
ScJfZOZxg2,z3fJY9mK,5/17/25,5/18/25,19234.09,Due,Inactive
v7jvi3XOyW,z3fJY9mK,5/17/26,,0,Draft,Active
8MKtqK2djc,sGfPmZiL,9/30/24,11/8/24,10164.13,Arrears,Inactive
T31H2xLZBJ,sGfPmZiL,3/30/25,5/27/25,10164.13,Arrears,Inactive
YNf1dhT71J,sGfPmZiL,9/30/25,,0,Draft,Active
yFBfwdtR8E,GsnEru7N,1/22/25,3/4/25,2265.52,Arrears,Inactive
4EmLdjE17G,GsnEru7N,2/22/25,2/20/25,2265.52,Due,Inactive
lLi6e1vx0J,GsnEru7N,3/22/25,5/5/25,2265.52,Arrears,Inactive
FWvIIAItEV,GsnEru7N,4/22/25,6/9/25,2265.52,Arrears,Inactive
NF5nMcVDyA,GsnEru7N,5/22/25,9/20/25,2265.52,Long-Term Arrears,Inactive
NlZGEeoiZ4,GsnEru7N,6/22/25,,0,Draft,Active
lLmC5DQUOU,3f5qkTlP,8/22/24,8/22/24,11025.89,Due,Inactive
DNBViIQeHJ,3f5qkTlP,2/22/25,6/27/25,11025.89,Long-Term Arrears,Inactive
UlAUt7KcA7,3f5qkTlP,8/22/25,,0,Draft,Active
vyE7bnb4aj,hAaeE3jN,10/26/25,,0,Draft,Active
Tj4dMazOxw,CEsosEWs,6/2/25,,0,Draft,Active
svvRA376rs,PXLq8yJt,5/1/24,4/30/24,5144.33,Due,Inactive
BgTaKPNUZi,PXLq8yJt,8/1/24,9/16/24,5144.33,Arrears,Inactive
7l5p659dsZ,PXLq8yJt,11/1/24,,0,Void,Inactive
EYxkShOTZw,CxeZf4FS,1/25/25,1/24/25,2251.41,Due,Inactive
cdtjF4ysAz,CxeZf4FS,2/25/25,,0,Draft,Active
JJEveXH5Ru,FsSmxm2i,9/30/24,9/28/24,1687.8,Due,Inactive
TJDBxm9eDY,FsSmxm2i,10/30/24,,0,Void,Inactive
DejlM15K6y,lueITiSQ,12/20/24,4/25/25,9900.08,Long-Term Arrears,Inactive
RBnyIjb0IN,lueITiSQ,6/20/25,,0,Draft,Active
a3u2WLfnxE,0fx8ObHi,6/30/25,,0,Draft,Active
pcClMhXM8u,42AvaJIb,6/11/25,,0,Draft,Active
9jQgPJkqr0,McEGpm3S,1/21/25,1/22/25,11481.46,Due,Inactive
AObAl8taM6,McEGpm3S,7/21/25,,0,Draft,Active
ziUbeiVWjt,Q26WMUeN,4/15/24,4/16/24,1509.07,Due,Inactive
C5C3iWFIPA,Q26WMUeN,5/15/24,5/12/24,1509.07,Due,Inactive
fql4Evoe0U,Q26WMUeN,6/15/24,6/15/24,1509.07,Due,Inactive
C992vRCMUc,Q26WMUeN,7/15/24,7/13/24,1509.07,Due,Inactive
B0GiTwMxVB,Q26WMUeN,8/15/24,1/17/25,1509.07,Long-Term Arrears,Inactive
GnIdZ4kJQJ,Q26WMUeN,9/15/24,9/12/24,1509.07,Due,Inactive
OiOSVnqNLT,Q26WMUeN,10/15/24,10/16/24,1509.07,Due,Inactive
ty2RNsWZce,Q26WMUeN,11/15/24,11/15/24,1509.07,Due,Inactive
pjHLYOHb7Y,Q26WMUeN,12/15/24,2/9/25,1509.07,Arrears,Inactive
omqkm56fhf,Q26WMUeN,1/15/25,7/5/25,1509.07,Long-Term Arrears,Inactive
wzdb4tO4JU,Q26WMUeN,2/15/25,2/15/25,1509.07,Due,Inactive
XMB5RXVyXw,Q26WMUeN,3/15/25,3/17/25,1509.07,Due,Inactive
CfoPrCHjoL,Q26WMUeN,4/15/25,4/16/25,1509.07,Due,Inactive
IVqw8rj9w1,Q26WMUeN,5/15/25,7/9/25,1509.07,Arrears,Inactive
QtwSNur8bn,Q26WMUeN,6/15/25,,0,Draft,Active
XeStpnp2a5,ZUM57yBX,2/2/25,3/6/25,9337.93,Arrears,Inactive
zmtEykoApN,ZUM57yBX,8/2/25,,0,Draft,Active
mF8M6Bgwee,pnMhKPEK,7/29/25,,0,Draft,Active
SL3qxnNUQQ,3vqxpwnk,10/19/24,11/24/24,2305.49,Arrears,Inactive
ekE2ZmYSbj,3vqxpwnk,11/19/24,12/29/24,2305.49,Arrears,Inactive
mQF7qLR845,3vqxpwnk,12/19/24,12/17/24,2305.49,Due,Inactive
bOayspARS0,3vqxpwnk,1/19/25,,0,Draft,Active
FXPgZF283C,Ag9cA671,11/1/24,12/9/24,10124.85,Arrears,Inactive
c0JgcCf100,Ag9cA671,5/1/25,4/29/25,10124.85,Due,Inactive
XeS2ZOuEsG,Ag9cA671,11/1/25,,0,Draft,Active
Sz7O7tvVLu,96LE769N,5/7/25,5/8/25,14671.93,Due,Inactive
yWT3v1SSrM,96LE769N,11/7/25,,0,Draft,Active
tXaUNETASu,CW8MfBsh,5/3/25,8/13/25,13795.75,Long-Term Arrears,Inactive
5zSPnG1OMO,CW8MfBsh,11/3/25,,0,Draft,Active
ea5CKhprgT,BKZttDtP,10/12/24,10/10/24,1543.06,Due,Inactive
2PqPPadkef,BKZttDtP,11/12/24,12/18/24,1543.06,Arrears,Inactive
3YmiDAGfff,BKZttDtP,12/12/24,5/7/25,1543.06,Long-Term Arrears,Inactive
wFAp9sxfih,BKZttDtP,1/12/25,2/16/25,1543.06,Arrears,Inactive
TKorZv9r5w,BKZttDtP,2/12/25,3/22/25,1543.06,Arrears,Inactive
jzDjPuFC1F,BKZttDtP,3/12/25,3/10/25,1543.06,Due,Inactive
laQ1jaC4S7,BKZttDtP,4/12/25,4/9/25,1543.06,Due,Inactive
e78zh17mEC,BKZttDtP,5/12/25,10/15/25,1543.06,Long-Term Arrears,Inactive
rzaglxPN87,BKZttDtP,6/12/25,,0,Draft,Active
w3uDCXvTUN,lf5IVkxz,1/5/25,1/5/25,6294.93,Due,Inactive
1lTqqMbFRj,lf5IVkxz,4/5/25,5/18/25,6294.93,Arrears,Inactive
0sWYiOoHK2,lf5IVkxz,7/5/25,,0,Draft,Active
pJRbosJ6uk,pbrgL5Aq,3/7/25,3/6/25,5444.13,Due,Inactive
FGRiXqmSRd,pbrgL5Aq,6/7/25,,0,Draft,Active
To41ucvsIV,JEubfEZR,10/20/25,,0,Draft,Active
2ozQM3R0wS,H8Xn7mwS,2/5/25,,0,Draft,Active
HWS3r4pNq2,MqlcPvhw,6/5/25,,0,Draft,Active
Onana6MnFt,Ias280gZ,2/5/25,2/5/25,6178.57,Due,Inactive
EQMHWhNHde,Ias280gZ,5/5/25,,0,Draft,Active
twi6Bys0i5,zb5AXuOi,7/4/24,8/26/24,5281.94,Arrears,Inactive
kyHc46k8fR,zb5AXuOi,10/4/24,10/5/24,5281.94,Due,Inactive
3VJEsi0zt5,zb5AXuOi,1/4/25,1/3/25,5281.94,Due,Inactive
OnFMJPTco6,zb5AXuOi,4/4/25,4/2/25,5281.94,Due,Inactive
w2m8XQ3l3x,zb5AXuOi,7/4/25,,0,Draft,Active
YnANNOjF5r,yIxi2O17,1/22/25,2/26/25,1733.96,Arrears,Inactive
0gQZD2Ieii,yIxi2O17,2/22/25,2/19/25,1733.96,Due,Inactive
U67BSgaoiJ,yIxi2O17,3/22/25,3/22/25,1733.96,Due,Inactive
9WhUIyOxqh,yIxi2O17,4/22/25,4/24/25,1733.96,Due,Inactive
ZYC9YM4C8i,yIxi2O17,5/22/25,10/12/25,1733.96,Long-Term Arrears,Inactive
WTjWVi15MI,yIxi2O17,6/22/25,,0,Draft,Active
PVAWRV4Qju,KFKmjQSS,5/8/24,5/6/24,1918.51,Due,Inactive
E6sqgE56oH,KFKmjQSS,6/8/24,6/8/24,1918.51,Due,Inactive
ljdQ8uHCxv,KFKmjQSS,7/8/24,7/8/24,1918.51,Due,Inactive
mDkvF583bC,KFKmjQSS,8/8/24,8/6/24,1918.51,Due,Inactive
W67tGl2jHB,KFKmjQSS,9/8/24,9/5/24,1918.51,Due,Inactive
7twcXt5WFj,KFKmjQSS,10/8/24,,0,Void,Inactive
5bOVjVp9eN,LVgEDPg3,9/26/24,9/25/24,5820.31,Due,Inactive
SfjOw9iqXw,LVgEDPg3,12/26/24,12/23/24,5820.31,Due,Inactive
PHQkOFWRBh,LVgEDPg3,3/26/25,3/24/25,5820.31,Due,Inactive
eN3myL0x29,LVgEDPg3,6/26/25,,0,Draft,Active
tbJtnXjn47,kctffao3,12/25/25,,0,Draft,Active
ZR9Iuwo3ug,1JOD6WiY,4/18/24,4/15/24,1804.08,Due,Inactive
V4DieK3PWY,1JOD6WiY,5/18/24,8/22/24,1804.08,Long-Term Arrears,Inactive
xj4tGusWUU,1JOD6WiY,6/18/24,6/16/24,1804.08,Due,Inactive
yX1TjEEgkb,1JOD6WiY,7/18/24,7/15/24,1804.08,Due,Inactive
TxZM5RTzHT,1JOD6WiY,8/18/24,8/17/24,1804.08,Due,Inactive
vT8DKyrDvk,1JOD6WiY,9/18/24,1/19/25,1804.08,Long-Term Arrears,Inactive
W3kcWsu9js,1JOD6WiY,10/18/24,11/22/24,1804.08,Arrears,Inactive
4XkKRCLIZR,1JOD6WiY,11/18/24,11/16/24,1804.08,Due,Inactive
96eeUIzwIW,1JOD6WiY,12/18/24,12/15/24,1804.08,Due,Inactive
Gia27YhsCu,1JOD6WiY,1/18/25,3/11/25,1804.08,Arrears,Inactive
m4ahtjFlMV,1JOD6WiY,2/18/25,2/18/25,1804.08,Due,Inactive
GT7ta1tT6t,1JOD6WiY,3/18/25,3/16/25,1804.08,Due,Inactive
8NU5DKryx8,1JOD6WiY,4/18/25,4/17/25,1804.08,Due,Inactive
cPupZfhdfG,1JOD6WiY,5/18/25,5/17/25,1804.08,Due,Inactive
3sMjGbtxDe,1JOD6WiY,6/18/25,,0,Draft,Active
vPzffrRKPF,c5SQoq9e,2/22/24,6/27/24,1828.99,Long-Term Arrears,Inactive
9i4JvKZZmF,c5SQoq9e,3/22/24,3/23/24,1828.99,Due,Inactive
IgrE7A37v6,c5SQoq9e,4/22/24,,0,Void,Inactive
BGZftz9htn,ZTpvGXeI,9/12/24,,0,Void,Inactive
hRTTCY9f5r,nf17yOcu,11/23/25,,0,Draft,Active
dcIB8w7Mv7,sdeEXNs4,3/1/25,4/7/25,10587.34,Arrears,Inactive
U8o0d6dFmG,sdeEXNs4,9/1/25,,0,Draft,Active
2hMjHzyNRF,aXjMgdUz,5/2/24,8/25/24,1828.37,Long-Term Arrears,Inactive
mIt594ip3z,aXjMgdUz,6/2/24,5/30/24,1828.37,Due,Inactive
Y6Y4YCPKID,aXjMgdUz,7/2/24,8/11/24,1828.37,Arrears,Inactive
XNZkoIn2Yf,aXjMgdUz,8/2/24,,0,Void,Inactive
ODLwYkYGQR,1nDLwwQw,12/16/24,12/16/24,14228.36,Due,Inactive
8u6uz4xG3p,1nDLwwQw,6/16/25,,0,Draft,Active
KD1NNjLaVI,lG5JKIy9,2/11/25,2/12/25,5967.82,Due,Inactive
14rGUxPBCT,lG5JKIy9,5/11/25,5/10/25,5967.82,Due,Inactive
nQHfIBGoLF,lG5JKIy9,8/11/25,,0,Draft,Active
YAC1kmngUH,sGGogHTF,5/15/24,6/17/24,7152.41,Arrears,Inactive
Al1WQoTo47,sGGogHTF,8/15/24,8/13/24,7152.41,Due,Inactive
2ht5tPHGWv,sGGogHTF,11/15/24,11/15/24,7152.41,Due,Inactive
AS9xx1QoW7,sGGogHTF,2/15/25,2/12/25,7152.41,Due,Inactive
ICJupfS5C0,sGGogHTF,5/15/25,10/4/25,7152.41,Long-Term Arrears,Inactive
AhTxntOfP6,sGGogHTF,8/15/25,,0,Draft,Active
cbvOFwSt2b,bcUosg7t,3/15/25,3/16/25,22278.3,Due,Inactive
mWlRpDyYvV,bcUosg7t,3/15/26,,0,Draft,Active
GyGUqHUfjy,Ee7rL6Yv,5/9/24,7/4/24,1752.93,Arrears,Inactive
fd1u8pkswt,Ee7rL6Yv,6/9/24,6/10/24,1752.93,Due,Inactive
6Wlm0SH7jP,Ee7rL6Yv,7/9/24,8/20/24,1752.93,Arrears,Inactive
3NJJA48lvq,Ee7rL6Yv,8/9/24,8/10/24,1752.93,Due,Inactive
w8EQprhgfn,Ee7rL6Yv,9/9/24,9/11/24,1752.93,Due,Inactive
qiJeCqbQFe,Ee7rL6Yv,10/9/24,10/10/24,1752.93,Due,Inactive
ZnbjzgVzpG,Ee7rL6Yv,11/9/24,11/6/24,1752.93,Due,Inactive
HNcriLtnFs,Ee7rL6Yv,12/9/24,12/11/24,1752.93,Due,Inactive
dxxTxJAvw6,Ee7rL6Yv,1/9/25,1/7/25,1752.93,Due,Inactive
KIW6E58RSf,Ee7rL6Yv,2/9/25,3/11/25,1752.93,Due,Inactive
Lpt7k0PDVn,Ee7rL6Yv,3/9/25,3/9/25,1752.93,Due,Inactive
egQDwZyNJ4,Ee7rL6Yv,4/9/25,4/11/25,1752.93,Due,Inactive
ESKoPTPxtj,Ee7rL6Yv,5/9/25,5/10/25,1752.93,Due,Inactive
SFLjmB4QnP,Ee7rL6Yv,6/9/25,,0,Draft,Active
vWD3nvKlJ2,1nOgZ7mo,4/22/25,4/19/25,12671.81,Due,Inactive
RqpH0tvYQg,1nOgZ7mo,10/22/25,,0,Draft,Active
bvuEgmAKdX,4NcUUO5Z,3/29/25,3/31/25,27874.33,Due,Inactive
KXqzJXQhiU,4NcUUO5Z,3/29/26,,0,Draft,Active
vDNcggamzI,6Oe1OUzt,1/31/25,3/12/25,6225.7,Arrears,Inactive
J5yuHgHTql,6Oe1OUzt,4/30/25,5/1/25,6225.7,Due,Inactive
vbLb3s3Tr4,6Oe1OUzt,7/30/25,,0,Draft,Active
zfcbdPaqVP,GgNbdFbd,12/19/24,2/9/25,10765.36,Arrears,Inactive
grNEp2hzcg,GgNbdFbd,6/19/25,,0,Draft,Active
8zwQRgfa5Q,Nn48AXgd,8/9/25,,0,Draft,Active
aAqq1uoBxb,TJUHS4Bf,12/12/24,12/12/24,1884.71,Due,Inactive
GhAymSUaYc,TJUHS4Bf,1/12/25,1/12/25,1884.71,Due,Inactive
ZiCbslpT9U,TJUHS4Bf,2/12/25,3/25/25,1884.71,Arrears,Inactive
PL6SqFE6SF,TJUHS4Bf,3/12/25,3/14/25,1884.71,Due,Inactive
fJdkOSUbRM,TJUHS4Bf,4/12/25,4/12/25,1884.71,Due,Inactive
a49fMEAGmy,TJUHS4Bf,5/12/25,5/13/25,1884.71,Due,Inactive
Nvbx8eNwwS,TJUHS4Bf,6/12/25,,0,Draft,Active
ffJyqSVxHb,6gJVoYzk,7/7/24,7/4/24,5145.75,Due,Inactive
vqv1cktg9m,6gJVoYzk,10/7/24,10/6/24,5145.75,Due,Inactive
i4b84n3V7M,6gJVoYzk,1/7/25,1/7/25,5145.75,Due,Inactive
hhsEnzftzb,6gJVoYzk,4/7/25,4/8/25,5145.75,Due,Inactive
zztKFkfTHR,6gJVoYzk,7/7/25,,0,Draft,Active
uB7JDNaJkp,Mgjn4HsO,5/30/24,5/27/24,1716.92,Due,Inactive
OUjHO2KrLA,Mgjn4HsO,6/30/24,6/30/24,1716.92,Due,Inactive
JhipkzQqp1,Mgjn4HsO,7/30/24,9/3/24,1716.92,Arrears,Inactive
SOWN7Xqe3Z,Mgjn4HsO,8/30/24,12/25/24,1716.92,Long-Term Arrears,Inactive
yXyrX2GlfI,Mgjn4HsO,9/30/24,9/27/24,1716.92,Due,Inactive
EN4DO9H3Az,Mgjn4HsO,10/30/24,12/11/24,1716.92,Arrears,Inactive
umhWJqa0QX,Mgjn4HsO,11/30/24,1/17/25,1716.92,Arrears,Inactive
rCnr6Ov3sb,Mgjn4HsO,12/30/24,12/27/24,1716.92,Due,Inactive
AhcFcewfLZ,Mgjn4HsO,1/30/25,3/6/25,1716.92,Arrears,Inactive
ljmVE6aQYJ,Mgjn4HsO,2/28/25,4/7/25,1716.92,Arrears,Inactive
moercTWY5G,Mgjn4HsO,3/28/25,3/26/25,1716.92,Due,Inactive
A9JlvzlQCm,Mgjn4HsO,4/28/25,4/27/25,1716.92,Due,Inactive
uqKyCuAZMw,Mgjn4HsO,5/28/25,5/26/25,1716.92,Due,Inactive
H4qo1Ocd0f,Mgjn4HsO,6/28/25,,0,Draft,Active
Dcw4K7SVfd,hguz78Vu,5/27/24,5/27/24,1725.02,Due,Inactive
Uof1J21xb4,hguz78Vu,6/27/24,8/4/24,1725.02,Arrears,Inactive
n8vJZf0zH8,hguz78Vu,7/27/24,7/28/24,1725.02,Due,Inactive
8vGlx8fp05,hguz78Vu,8/27/24,8/27/24,1725.02,Due,Inactive
oOyTra8TFC,hguz78Vu,9/27/24,11/16/24,1725.02,Arrears,Inactive
dMjNs89ezb,hguz78Vu,10/27/24,12/16/24,1725.02,Arrears,Inactive
pOk7hBAsut,hguz78Vu,11/27/24,1/4/25,1725.02,Arrears,Inactive
3DCSlmvmyR,hguz78Vu,12/27/24,12/28/24,1725.02,Due,Inactive
kGQoATSbu1,hguz78Vu,1/27/25,1/24/25,1725.02,Due,Inactive
YUPykWfLpj,hguz78Vu,2/27/25,3/1/25,1725.02,Due,Inactive
iUg0aM7fsG,hguz78Vu,3/27/25,4/27/25,1725.02,Arrears,Inactive
Czr3A4jAhY,hguz78Vu,4/27/25,4/27/25,1725.02,Due,Inactive
LcF6JzQOKf,hguz78Vu,5/27/25,5/28/25,1725.02,Due,Inactive
99AUfHP43t,hguz78Vu,6/27/25,,0,Draft,Active
trGH0UEUrY,8tBrKO5u,1/4/25,1/6/25,1650.68,Due,Inactive
RTrpTBxWRe,8tBrKO5u,2/4/25,2/6/25,1650.68,Due,Inactive
bTj19sgZuV,8tBrKO5u,3/4/25,3/2/25,1650.68,Due,Inactive
PoR073gmx3,8tBrKO5u,4/4/25,4/6/25,1650.68,Due,Inactive
lTKyG8UORJ,8tBrKO5u,5/4/25,5/6/25,1650.68,Due,Inactive
yjrL8bm0Rl,8tBrKO5u,6/4/25,,0,Draft,Active
UtTs3vMh6z,Rjh18uee,5/12/24,5/10/24,6415.63,Due,Inactive
3QvSeL09u2,Rjh18uee,8/12/24,8/9/24,6415.63,Due,Inactive
bgNWlvnlb3,Rjh18uee,11/12/24,11/13/24,6415.63,Due,Inactive
JSLQaLbK3z,Rjh18uee,2/12/25,,0,Draft,Active
4UrRzSUgcX,LrWAsxxm,10/12/25,,0,Draft,Active
xU9hU8Or0Y,nsB6hIPh,3/27/25,3/24/25,26286.15,Due,Inactive
VccjNCVWPh,nsB6hIPh,3/27/26,,0,Draft,Active
6hRm58i0o8,dXU8lNmB,10/10/24,10/9/24,5745,Due,Inactive
ixnULi2REr,dXU8lNmB,1/10/25,1/11/25,5745,Due,Inactive
Czq8xJVrxn,dXU8lNmB,4/10/25,4/8/25,5745,Due,Inactive
abjJsLxnou,dXU8lNmB,7/10/25,,0,Draft,Active
Va9YcHvf9d,aNzQHQdx,7/7/24,7/9/24,4551.64,Due,Inactive
yVz7AX3myj,aNzQHQdx,10/7/24,3/12/25,4551.64,Long-Term Arrears,Inactive
rCsozaA2Zo,aNzQHQdx,1/7/25,3/4/25,4551.64,Arrears,Inactive
z1PgM9vtRy,aNzQHQdx,4/7/25,4/6/25,4551.64,Due,Inactive
o2s0N09jF8,aNzQHQdx,7/7/25,,0,Draft,Active
wPlB2ZEF55,QrxFHK6a,4/24/24,5/24/24,7357.97,Due,Inactive
SLQbSjtkPy,QrxFHK6a,7/24/24,9/6/24,7357.97,Arrears,Inactive
yZeS7GYr8P,QrxFHK6a,10/24/24,10/26/24,7357.97,Due,Inactive
hudpRqyJm5,QrxFHK6a,1/24/25,1/25/25,7357.97,Due,Inactive
f3Vk7lHWt0,QrxFHK6a,4/24/25,4/26/25,7357.97,Due,Inactive
yIlF7MY10S,QrxFHK6a,7/24/25,,0,Draft,Active
13IVJ0GRKC,UlKcsbuu,1/25/25,6/29/25,7104.9,Long-Term Arrears,Inactive
OhR0lZWQYA,UlKcsbuu,4/25/25,4/24/25,7104.9,Due,Inactive
pnTVItUTmo,UlKcsbuu,7/25/25,,0,Draft,Active
au2uEqPuyx,fqRMNViE,7/20/24,7/21/24,1508.37,Due,Inactive
Fud5g2lcfD,fqRMNViE,8/20/24,10/5/24,1508.37,Arrears,Inactive
bnMDDnxlRz,fqRMNViE,9/20/24,9/17/24,1508.37,Due,Inactive
vW0AgEvir4,fqRMNViE,10/20/24,10/19/24,1508.37,Due,Inactive
TD5GdyDoJ2,fqRMNViE,11/20/24,11/18/24,1508.37,Due,Inactive
FQiCjBnLZ8,fqRMNViE,12/20/24,12/20/24,1508.37,Due,Inactive
VgsoS78PYN,fqRMNViE,1/20/25,1/20/25,1508.37,Due,Inactive
VlJY0bphTw,fqRMNViE,2/20/25,2/18/25,1508.37,Due,Inactive
QDRQNhYSy4,fqRMNViE,3/20/25,8/2/25,1508.37,Long-Term Arrears,Inactive
JHJXrYbeTM,fqRMNViE,4/20/25,4/22/25,1508.37,Due,Inactive
Y0O6chjFJC,fqRMNViE,5/20/25,5/19/25,1508.37,Due,Inactive
tVZE8FzAjs,fqRMNViE,6/20/25,,0,Draft,Active
vVSh7vEdy7,Yhw0WsPj,11/14/24,11/12/24,6255.79,Due,Inactive
ySw7ZrP8fZ,Yhw0WsPj,2/14/25,2/14/25,6255.79,Due,Inactive
VGMNkljyQG,Yhw0WsPj,5/14/25,5/14/25,6255.79,Due,Inactive
hIqnJdevXB,Yhw0WsPj,8/14/25,,0,Draft,Active
cpAYFzFY5Q,SFE6W5jy,4/29/24,5/1/24,5380.69,Due,Inactive
0h3Z3GOfXI,SFE6W5jy,7/29/24,7/29/24,5380.69,Due,Inactive
MJanYekSnF,SFE6W5jy,10/29/24,12/17/24,5380.69,Arrears,Inactive
NIlN7nxvuL,SFE6W5jy,1/29/25,1/26/25,5380.69,Due,Inactive
k8rE1pGHL8,SFE6W5jy,4/29/25,6/3/25,5380.69,Arrears,Inactive
CBUbQt7OXf,SFE6W5jy,7/29/25,,0,Draft,Active
Tq2VdoG4ZC,NzbQXfK2,4/27/24,4/24/24,7061.32,Due,Inactive
BBvqEV4c4H,NzbQXfK2,7/27/24,7/25/24,7061.32,Due,Inactive
LOXK4Z02Np,NzbQXfK2,10/27/24,10/26/24,7061.32,Due,Inactive
Vbgu2jCwft,NzbQXfK2,1/27/25,1/26/25,7061.32,Due,Inactive
D9hRmkXr7H,NzbQXfK2,4/27/25,10/21/25,7061.32,Long-Term Arrears,Inactive
6hDMhwSiua,NzbQXfK2,7/27/25,,0,Draft,Active
5Yj1aEFkwP,jywEoSK7,4/5/24,4/7/24,6752.55,Due,Inactive
crNA7jJ3kZ,jywEoSK7,7/5/24,7/4/24,6752.55,Due,Inactive
cYZjoDh7mB,jywEoSK7,10/5/24,10/5/24,6752.55,Due,Inactive
Elt3hkhls5,jywEoSK7,1/5/25,1/6/25,6752.55,Due,Inactive
pZlQC8igUY,jywEoSK7,4/5/25,,0,Draft,Active
0ps3qxsPXZ,48mjGeZ4,1/15/25,3/5/25,1624.23,Arrears,Inactive
1n5oJhWnYv,48mjGeZ4,2/15/25,,0,Draft,Active
KQw9YPwIZJ,zwfFj7xe,11/15/24,11/16/24,11713.25,Due,Inactive
hkFbr7GWcP,zwfFj7xe,5/15/25,10/24/25,11713.25,Long-Term Arrears,Inactive
t2aDIQkmrX,zwfFj7xe,11/15/25,,0,Draft,Active
8i3dRxfmDJ,e9kny0jg,6/11/25,,0,Draft,Active
oYclqowhQw,bNJ7K2Ri,10/17/25,,0,Draft,Active
GT5Sat35GM,E5SJsw2s,12/29/24,12/28/24,11579.15,Due,Inactive
L0y7VQ8VDd,E5SJsw2s,6/29/25,,0,Draft,Active
58lsTYPyjT,f2hWCJei,2/4/25,2/1/25,13784.61,Due,Inactive
SyOAy9Ukwq,f2hWCJei,8/4/25,,0,Draft,Active
w4SzlyBFYY,sOBMA7l9,9/8/24,10/9/24,11136.35,Arrears,Inactive
f775yT1Atw,sOBMA7l9,3/8/25,7/16/25,11136.35,Long-Term Arrears,Inactive
lWLlAuGikO,sOBMA7l9,9/8/25,,0,Draft,Active
oARX7rOFUx,hVzJL4NK,6/1/24,5/30/24,5165.95,Due,Inactive
NhlujTDsHt,hVzJL4NK,9/1/24,9/1/24,5165.95,Due,Inactive
mde9o02mmf,hVzJL4NK,12/1/24,11/30/24,5165.95,Due,Inactive
YJqLFE77j5,hVzJL4NK,3/1/25,2/28/25,5165.95,Due,Inactive
lFbBmXZcR4,hVzJL4NK,6/1/25,,0,Draft,Active
ACR6wjSr26,wzjCAeAQ,4/25/24,10/9/24,1943.5,Long-Term Arrears,Inactive
SMuJzxb0Ks,wzjCAeAQ,5/25/24,5/23/24,1943.5,Due,Inactive
wsIRRsdor7,wzjCAeAQ,6/25/24,6/23/24,1943.5,Due,Inactive
0MuZ5ifsPX,wzjCAeAQ,7/25/24,7/23/24,1943.5,Due,Inactive
m8QcnrEZub,wzjCAeAQ,8/25/24,8/25/24,1943.5,Due,Inactive
FqXDy29CIX,wzjCAeAQ,9/25/24,9/24/24,1943.5,Due,Inactive
8fNLUNh8Eb,wzjCAeAQ,10/25/24,10/22/24,1943.5,Due,Inactive
efVhC1fhhm,wzjCAeAQ,11/25/24,11/22/24,1943.5,Due,Inactive
6yPcYNRq2z,wzjCAeAQ,12/25/24,12/26/24,1943.5,Due,Inactive
HkXMFrYSA1,wzjCAeAQ,1/25/25,1/22/25,1943.5,Due,Inactive
iRqIxslcHD,wzjCAeAQ,2/25/25,2/25/25,1943.5,Due,Inactive
kcCBnrRBCQ,wzjCAeAQ,3/25/25,3/25/25,1943.5,Due,Inactive
4vthBHKtdy,wzjCAeAQ,4/25/25,4/22/25,1943.5,Due,Inactive
MMYbcB1N2u,wzjCAeAQ,5/25/25,,0,Draft,Active
5TWmyC9AYP,TUeMGSoy,8/19/24,8/16/24,2356.37,Due,Inactive
7fcvD5AwrP,TUeMGSoy,9/19/24,10/30/24,2356.37,Arrears,Inactive
PdGqgyDb9m,TUeMGSoy,10/19/24,,0,Void,Inactive
12m7CE44rq,bNkj4H39,11/21/24,1/15/25,5240.8,Arrears,Inactive
FVsAItYkXe,bNkj4H39,2/21/25,2/21/25,5240.8,Due,Inactive
TJwrwkyhDo,bNkj4H39,5/21/25,5/20/25,5240.8,Due,Inactive
8JjYHcX3yQ,bNkj4H39,8/21/25,,0,Draft,Active
r3anjA28Ea,6uIWtx93,9/8/24,10/19/24,7426.19,Arrears,Inactive
Ry2fBek2cB,6uIWtx93,12/8/24,1/28/25,7426.19,Arrears,Inactive
d6JxpmPSzX,6uIWtx93,3/8/25,3/10/25,7426.19,Due,Inactive
nPNHwLU2vn,6uIWtx93,6/8/25,,0,Draft,Active
DHfrHFDOsc,ScP4xhPs,9/19/24,9/20/24,4801.02,Due,Inactive
4tLFrdxP68,ScP4xhPs,12/19/24,12/18/24,4801.02,Due,Inactive
EMacJCWqqw,ScP4xhPs,3/19/25,3/17/25,4801.02,Due,Inactive
3uzYb521k7,ScP4xhPs,6/19/25,,0,Draft,Active
Zc3c5cHC77,GK0ejME6,7/9/24,7/6/24,2137.88,Due,Inactive
8IXoIytc74,GK0ejME6,8/9/24,11/23/24,2137.88,Long-Term Arrears,Inactive
4hB6uq0Vd3,GK0ejME6,9/9/24,9/6/24,2137.88,Due,Inactive
0ixBpliOjS,GK0ejME6,10/9/24,11/19/24,2137.88,Arrears,Inactive
G9Nnrbio1G,GK0ejME6,11/9/24,11/6/24,2137.88,Due,Inactive
wfxft1315A,GK0ejME6,12/9/24,12/10/24,2137.88,Due,Inactive
Ys5hVnEMCR,GK0ejME6,1/9/25,1/8/25,2137.88,Due,Inactive
e6VcZa0jxA,GK0ejME6,2/9/25,2/6/25,2137.88,Due,Inactive
hLFknG0AMf,GK0ejME6,3/9/25,3/9/25,2137.88,Due,Inactive
p421vOU6eD,GK0ejME6,4/9/25,4/9/25,2137.88,Due,Inactive
NI2XLVQE6R,GK0ejME6,5/9/25,5/10/25,2137.88,Due,Inactive
K7epY5scm5,GK0ejME6,6/9/25,,0,Draft,Active
dqD6Y3ndyk,4NPsBJCP,8/6/25,,0,Draft,Active
8f3O5uLST3,qDNg7Txv,7/13/24,,0,Void,Inactive
DOQ8FnrjFi,TbRk3Zac,11/16/25,,0,Draft,Active
PCllzEp0Qu,uyHK8Kfu,9/30/24,9/28/24,2002.82,Due,Inactive
fA03FhkYHx,uyHK8Kfu,10/30/24,,0,Void,Inactive
cN4qZrV0RQ,ABmlL4XO,12/7/25,,0,Draft,Active
LfNVmdESMb,pJrqhbTf,4/23/24,4/22/24,1603.83,Due,Inactive
nq7nD8FKUZ,pJrqhbTf,5/23/24,5/23/24,1603.83,Due,Inactive
2KwvNVmxrZ,pJrqhbTf,6/23/24,6/23/24,1603.83,Due,Inactive
5nQB7bXNer,pJrqhbTf,7/23/24,9/16/24,1603.83,Arrears,Inactive
omou88yDTT,pJrqhbTf,8/23/24,8/22/24,1603.83,Due,Inactive
HlQ7oheTCQ,pJrqhbTf,9/23/24,9/23/24,1603.83,Due,Inactive
5VvcJe6VHK,pJrqhbTf,10/23/24,10/23/24,1603.83,Due,Inactive
611u3LV2S7,pJrqhbTf,11/23/24,11/25/24,1603.83,Due,Inactive
vUR3bFA7q4,pJrqhbTf,12/23/24,12/25/24,1603.83,Due,Inactive
8aHQ6XVddu,pJrqhbTf,1/23/25,1/21/25,1603.83,Due,Inactive
7qB2OXGm8w,pJrqhbTf,2/23/25,2/22/25,1603.83,Due,Inactive
hbMtO3Igha,pJrqhbTf,3/23/25,3/24/25,1603.83,Due,Inactive
Xg5NcH2jen,pJrqhbTf,4/23/25,6/1/25,1603.83,Arrears,Inactive
15ucQ5IeFt,pJrqhbTf,5/23/25,7/17/25,1603.83,Arrears,Inactive
7M7wuwHzOy,pJrqhbTf,6/23/25,,0,Draft,Active
msMzfgWxg6,NQJC2T9P,9/23/24,1/24/25,5825.52,Long-Term Arrears,Inactive
3vQaDKSe3w,NQJC2T9P,12/23/24,12/23/24,5825.52,Due,Inactive
YcXeCseG7u,NQJC2T9P,3/23/25,5/4/25,5825.52,Arrears,Inactive
GIJgI4SZJR,NQJC2T9P,6/23/25,,0,Draft,Active
2a7QRz799y,F6jBppOQ,2/5/25,3/11/25,12356.34,Arrears,Inactive
x6qtynMG5y,F6jBppOQ,8/5/25,,0,Draft,Active
cqaeZXJkZV,GLOICAL9,2/12/25,2/13/25,5844.63,Due,Inactive
NWL270Sb9m,GLOICAL9,5/12/25,6/29/25,5844.63,Arrears,Inactive
yDPAscxUUy,GLOICAL9,8/12/25,,0,Draft,Active
zisSd8Qlnr,RZVsxU8K,4/6/24,4/6/24,4869.91,Due,Inactive
14z4GhnymF,RZVsxU8K,7/6/24,7/6/24,4869.91,Due,Inactive
fXaqd9tWCu,RZVsxU8K,10/6/24,10/8/24,4869.91,Due,Inactive
u9vdm4ASi9,RZVsxU8K,1/6/25,1/4/25,4869.91,Due,Inactive
AnV5QuONEU,RZVsxU8K,4/6/25,6/4/25,4869.91,Arrears,Inactive
s032e6skP1,RZVsxU8K,1/31/30,,0,Draft,Active
iarzvWscVK,SIkeF281,8/19/24,8/18/24,7437.22,Due,Inactive
arwUjxykcg,SIkeF281,11/19/24,11/17/24,7437.22,Due,Inactive
lrPQkVZXeO,SIkeF281,2/19/25,4/18/25,7437.22,Arrears,Inactive
zXPH9oD1xS,SIkeF281,5/19/25,11/5/25,7437.22,Long-Term Arrears,Inactive
lfKAS0wBaK,SIkeF281,8/19/25,,0,Draft,Active
BkI5K1jGSz,KytCXdx7,7/22/24,8/25/24,11598.52,Arrears,Inactive
xCLA32KbUx,KytCXdx7,1/22/25,1/19/25,11598.52,Due,Inactive
88cjvjQUuk,KytCXdx7,7/22/25,,0,Draft,Active
BvTpGRWkQM,ro1786DZ,5/2/24,4/30/24,2297.38,Due,Inactive
LcEY006rKc,ro1786DZ,6/2/24,7/19/24,2297.38,Arrears,Inactive
LxB50FAwUG,ro1786DZ,7/2/24,7/3/24,2297.38,Due,Inactive
Tntr0WUglw,ro1786DZ,8/2/24,9/30/24,2297.38,Arrears,Inactive
pcGBwoVlgA,ro1786DZ,9/2/24,2/25/25,2297.38,Long-Term Arrears,Inactive
homT94YhIL,ro1786DZ,10/2/24,10/4/24,2297.38,Due,Inactive
h6SuBgnror,ro1786DZ,11/2/24,10/30/24,2297.38,Due,Inactive
xRMcHAgoJM,ro1786DZ,12/2/24,12/1/24,2297.38,Due,Inactive
191Jm26mD8,ro1786DZ,1/2/25,5/19/25,2297.38,Long-Term Arrears,Inactive
ojOWY2rDvx,ro1786DZ,2/2/25,2/2/25,2297.38,Due,Inactive
Uh6VYBwTnp,ro1786DZ,3/2/25,8/16/25,2297.38,Long-Term Arrears,Inactive
CPyfLx78dK,ro1786DZ,4/2/25,5/8/25,2297.38,Arrears,Inactive
EndyBVtgfl,ro1786DZ,5/2/25,5/3/25,2297.38,Due,Inactive
honXo7JiUf,ro1786DZ,6/2/25,,0,Draft,Active
DvWU4pFgFr,3DmRpHch,4/29/25,4/27/25,26909.8,Due,Inactive
mYV1N5LSEe,3DmRpHch,4/29/26,,0,Draft,Active
gYFyUGa79T,nhh33Oi8,7/30/24,7/31/24,5668.33,Due,Inactive
SAq4QwLkab,nhh33Oi8,10/30/24,3/20/25,5668.33,Long-Term Arrears,Inactive
2oEzUTqiGF,nhh33Oi8,1/30/25,1/27/25,5668.33,Due,Inactive
3KNpeBV7uM,nhh33Oi8,4/30/25,4/29/25,5668.33,Due,Inactive
wXHMkGl9Xo,nhh33Oi8,7/30/25,,0,Draft,Active
VlI8kpD2xL,RRZoD49T,2/26/25,4/4/25,5268.55,Arrears,Inactive
nbGwZo9CNT,RRZoD49T,5/26/25,5/28/25,5268.55,Due,Inactive
eB7mwjq2WY,RRZoD49T,8/26/25,,0,Draft,Active
0XiRCi0yVe,phSN6tlE,2/2/25,2/2/25,9090.04,Due,Inactive
WFTNZMHutY,phSN6tlE,8/2/25,,0,Draft,Active
Klknyft7VJ,Et5Tb0iz,12/2/24,4/21/25,6936.93,Long-Term Arrears,Inactive
P3lJR9Mja2,Et5Tb0iz,3/2/25,3/2/25,6936.93,Due,Inactive
t6tXpBBUlI,Et5Tb0iz,6/2/25,,0,Draft,Active
esH7I9D7Rl,3hfOTeCU,10/27/24,10/28/24,6657,Due,Inactive
8QEpMLwZMm,3hfOTeCU,1/27/25,1/25/25,6657,Due,Inactive
sAnQRlgZ3x,3hfOTeCU,4/27/25,8/2/25,6657,Long-Term Arrears,Inactive
1s5mN3b5lj,3hfOTeCU,7/27/25,,0,Draft,Active
TkS3rJrl9M,7q32XsWm,9/23/25,,0,Draft,Active
bu7jFqOss7,MRpDh1nB,6/6/25,,0,Draft,Active
e3Wk9ViOW0,gRVTgfK3,12/15/25,,0,Draft,Active
FMQ3UEb1WO,CdUoTDFr,10/3/24,1/6/25,11005.25,Long-Term Arrears,Inactive
Zq9UooZ6xJ,CdUoTDFr,4/3/25,5/19/25,11005.25,Arrears,Inactive
a95LghLfBJ,CdUoTDFr,10/3/25,,0,Draft,Active
Drnr8s3EZJ,bAZxS8yB,7/27/24,7/26/24,12528.9,Due,Inactive
migFpVSQvy,bAZxS8yB,1/27/25,1/29/25,12528.9,Due,Inactive
MVEUGtbDKU,bAZxS8yB,7/27/25,,0,Draft,Active
OPekzRJWt9,Ab95hdlL,10/23/24,10/21/24,7070.37,Due,Inactive
raqynWdsDx,Ab95hdlL,1/23/25,1/21/25,7070.37,Due,Inactive
AAdVIgeWwg,Ab95hdlL,4/23/25,7/29/25,7070.37,Long-Term Arrears,Inactive
wc8IYq9y2m,Ab95hdlL,7/23/25,,0,Draft,Active
5be1LUaiJv,4uz862Z5,1/29/25,1/29/25,2496.24,Due,Inactive
G4cXo4J7Wl,4uz862Z5,2/28/25,7/31/25,2496.24,Long-Term Arrears,Inactive
nJS9fyfVCz,4uz862Z5,3/28/25,3/25/25,2496.24,Due,Inactive
uT9VDrc4CF,4uz862Z5,4/28/25,4/28/25,2496.24,Due,Inactive
9yvQL56OwX,4uz862Z5,5/28/25,5/28/25,2496.24,Due,Inactive
1afP9k048O,4uz862Z5,6/28/25,,0,Draft,Active
ChdeENS3eZ,AyYCmE4k,4/15/24,10/4/24,6958.18,Long-Term Arrears,Inactive
gFjEHjOV8K,AyYCmE4k,7/15/24,7/16/24,6958.18,Due,Inactive
2Hxaqglkec,AyYCmE4k,10/15/24,11/15/24,6958.18,Arrears,Inactive
XJbISVUAbY,AyYCmE4k,1/15/25,1/15/25,6958.18,Due,Inactive
7CIgKcyUtk,AyYCmE4k,4/15/25,5/15/25,6958.18,Due,Inactive
fjRYOmWan4,AyYCmE4k,7/15/25,,0,Draft,Active
NPJiIfyrzd,Woxs1wFd,12/25/24,12/25/24,2335.57,Due,Inactive
UW8DYPqzCS,Woxs1wFd,1/25/25,2/28/25,2335.57,Arrears,Inactive
nurY27LRCJ,Woxs1wFd,2/25/25,4/23/25,2335.57,Arrears,Inactive
38dG7rsKp0,Woxs1wFd,3/25/25,3/25/25,2335.57,Due,Inactive
T1U29IvPt5,Woxs1wFd,4/25/25,4/25/25,2335.57,Due,Inactive
3HH0FIbonY,Woxs1wFd,5/25/25,5/26/25,2335.57,Due,Inactive
EY3Mn2dr96,Woxs1wFd,6/25/25,,0,Draft,Active
if9l8FTukF,SIPLtRrK,9/5/24,9/7/24,1845.95,Due,Inactive
AJGBOaaitI,SIPLtRrK,10/5/24,1/10/25,1845.95,Long-Term Arrears,Inactive
C6EoqTURzJ,SIPLtRrK,11/5/24,11/5/24,1845.95,Due,Inactive
24o5s8j1vR,SIPLtRrK,12/5/24,12/3/24,1845.95,Due,Inactive
InpkJQcCiS,SIPLtRrK,1/5/25,1/5/25,1845.95,Due,Inactive
CiFyJi3NnP,SIPLtRrK,2/5/25,2/5/25,1845.95,Due,Inactive
zUsfBWsVbx,SIPLtRrK,3/5/25,3/6/25,1845.95,Due,Inactive
MAOCWCTPkA,SIPLtRrK,4/5/25,,0,Draft,Active
4GZEnlQtRZ,bkn717Bx,11/2/24,11/4/24,11674.68,Due,Inactive
JUnjLevsbW,bkn717Bx,5/2/25,5/2/25,11674.68,Due,Inactive
Dedhap06xW,bkn717Bx,11/2/25,,0,Draft,Active
4mVpZgamiD,Qhs3bR1t,12/7/24,12/6/24,9648.01,Due,Inactive
k5WPZw0IOZ,Qhs3bR1t,6/7/25,,0,Draft,Active
6W29gWKBwb,KnvJboGH,11/4/25,,0,Draft,Active
knLMvpyCjM,93tE99AR,5/20/25,7/6/25,27418.37,Arrears,Inactive
811RZbRYCK,93tE99AR,5/20/26,,0,Draft,Active
t04TWB0YZa,FhJj0tIK,11/9/24,11/7/24,7476.86,Due,Inactive
OegeH2SKka,FhJj0tIK,2/9/25,2/6/25,7476.86,Due,Inactive
SUPfAeqsEx,FhJj0tIK,5/9/25,5/9/25,7476.86,Due,Inactive
vdsQYhFpwS,FhJj0tIK,8/9/25,,0,Draft,Active
1hnR3Yw0Tf,nIBTgzBO,10/2/24,9/30/24,13245.47,Due,Inactive
EvCTiLpB5x,nIBTgzBO,4/2/25,5/31/25,13245.47,Arrears,Inactive
fxGISIicPL,nIBTgzBO,10/2/25,,0,Draft,Active
