First Name,Last Name,Gender,Date of Birth,Contact Type
Dr. Ada,Lovelace,Male,12/09/1988,Faculty
Dr. Charles,Babbage,Female,3/17/78,Faculty
Dr. Alan,Turing,Male,11/15/78,Faculty
Dr. Carl Friedrich,Gauss,Male,05/12/1965,Faculty
Dr. Isaac,Newton,Male,5/24/71,Faculty
Dr. Richard,Feynman,Female,8/16/85,Faculty
Dr. Marie,Curie,Female,3/16/88,Faculty
Dr. Albert,Einstein,Female,11/25/76,Faculty
Dr. Robert,Boyle,Female,12/23/84,Faculty
Dr. Dmitri,Mendeleev,Male,12/02/1988,Faculty
Dr. Linus,Pauling,Male,1/27/61,Faculty
Dr. Jane,Goodall,Female,10/15/81,Faculty
Dr. Charles,Darwin,Female,2/23/70,Faculty
Dr. Rosalind,Franklin,Female,11/09/1979,Faculty
Dr. Samuel,Johnson,Male,01/02/1984,Faculty
Dr. Virginia,Woolf,Female,2/24/54,Faculty
Dr. William,Wordsworth,Female,6/19/67,Faculty
Dr. Simon,Schama,Male,10/05/1981,Faculty
Dr. Mary,Beard,Male,9/14/58,Faculty
Dr. Eric,Hobsbawm,Male,7/13/73,Faculty
Dr. David,Livingstone,Female,02/04/1978,Faculty
Dr. Alfred Russel,Wallace,Female,09/10/1965,Faculty
Dr. Ellen,Semple,Male,06/01/1979,Faculty
Dr. John Maynard,Keynes,Male,07/09/1986,Faculty
Dr. Adam,Smith,Male,8/29/55,Faculty
Dr. Milton,Friedman,Female,3/24/80,Faculty
Dr. Niccola,Machiavelli,Male,7/16/69,Faculty
Dr. Thomas,Hobbes,Male,01/02/1988,Faculty
Dr. Henry,Kissinger,Male,11/01/1961,Faculty
Dr. Karl,Marx,Female,8/28/74,Faculty
Dr. Jane,Addams,Male,9/19/81,Faculty
Dr. Emile,Durkheim,Male,7/24/62,Faculty
Dr. Sigmund,Freud,Male,12/25/57,Faculty
Dr. Carl,Jung,Male,06/03/1957,Faculty
Dr. B.F.,Skinner,Male,5/18/62,Faculty
Dr. Plato,Olympus,Female,1/28/88,Faculty
Dr. Immanuel,Kant,Female,04/01/1973,Faculty
Dr. Friedrich,Nietzsche,Female,4/27/64,Faculty
Dr. Ruth Bader,Ginsburg,Male,05/05/1977,Faculty
Dr. Oliver Wendell,Holmes,Female,03/01/1969,Faculty
Dr. William,Blackstone,Female,1/30/79,Faculty
Dr. Hippocrates,Hercule,Male,06/02/1981,Faculty
Dr. William,Osler,Male,1/23/71,Faculty
Dr. Joseph,Lister,Female,9/19/87,Faculty
Dr. Pierre,Fauchard,Female,11/16/59,Faculty
Dr. Greene Vardiman,Black,Male,02/06/1966,Faculty
Dr. Peter,Drucker,Male,11/19/60,Faculty
Dr. Florence,Nightingale,Female,12/22/79,Faculty
Dr. Virginia,Henderson,Male,8/20/65,Faculty
Dr. Hildegard,Peplau,Male,8/29/82,Faculty
Dr. William,Procter,Female,06/10/1955,Faculty
Dr. Edward,Parrish,Male,5/20/87,Faculty
Dr. Martin,Wilbert,Male,09/06/1981,Faculty
Dr. James,Herriot,Male,7/29/64,Faculty
Dr. Donald,Smith,Female,05/04/1967,Faculty
Dr. Bernard,Rollin,Male,6/21/83,Faculty
Dr. Nikola,Tesla,Male,1/27/74,Faculty
Dr. Elon,Musk,Female,08/09/1953,Faculty
Dr. George,Stephenson,Male,1/18/63,Faculty
Dr. Henry,Ford,Female,11/08/1978,Faculty
Dr. James,Watt,Female,3/22/82,Faculty
Dr. Stephen,Timoshenko,Female,11/28/83,Faculty
Dr. Michael,Faraday,Female,8/20/78,Faculty
Dr. Alexander Graham,Bell,Male,2/22/81,Faculty
Dr. Isambard Kingdom,Brunel,Female,08/11/1972,Faculty
Dr. Gustave,Eiffel,Male,4/26/69,Faculty
Dr. Karl,Terzaghi,Female,10/02/1957,Faculty
Dr. George E.,Davis,Male,4/20/63,Faculty
Dr. Carl,Bosch,Male,09/02/1987,Faculty
Dr. Warren K.,Lewis,Male,06/03/1968,Faculty
Dr. Wernher von,Braun,Male,03/05/1964,Faculty
Dr. Robert,Goddard,Female,11/26/71,Faculty
Dr. Theodore von,Karman,Male,10/28/62,Faculty
Dr. Rachel,Carson,Female,4/30/75,Faculty
Dr. Elinor,Ostrom,Female,12/15/84,Faculty
Dr. Gro Harlem,Brundtland,Female,12/22/80,Faculty
Dr. Sylvia,Earle,Female,04/11/1961,Faculty
Dr. Jacques,Cousteau,Female,8/30/75,Faculty
Dr. Eugenie,Clark,Male,8/13/56,Faculty
Dr. Carl,Sagan,Male,01/07/1986,Faculty
Dr. Edwin,Hubble,Male,11/12/1957,Faculty
Dr. Stephen,Hawking,Female,03/02/1982,Faculty
Dr. Margaret,Mead,Male,08/10/1983,Faculty
Dr. Franz,Boas,Male,7/19/83,Faculty
Dr. Bronisa aw,Malinowski,Female,4/30/70,Faculty
Dr. Howard,Carter,Female,5/19/76,Faculty
Dr. Kathleen,Kenyon,Male,1/26/85,Faculty
Dr. Gordon,Childe,Female,8/26/66,Faculty
Dr. Noam,Chomsky,Male,07/09/1981,Faculty
Dr. Ferdinand de,Saussure,Female,01/09/1975,Faculty
Dr. Roman,Jakobson,Male,11/23/82,Faculty
Dr. Edith,Hall,Male,09/08/1987,Faculty
Dr. Michael,Porter,Female,9/30/65,Faculty
Dr. Andrew,Wallace-Hadrill,Male,9/30/65,Faculty
Dr. E.H.,Gombrich,Female,11/30/84,Faculty
Dr. John,Berger,Female,8/26/65,Faculty
Dr. Rosalind,Krauss,Female,4/18/56,Faculty
Dr. Ludwig van,Beethoven,Female,04/03/1976,Faculty
Dr. Wolfgang Amadeus,Mozart,Female,7/14/86,Faculty
Dr. Igor,Stravinsky,Female,3/30/83,Faculty
Dr. William,Shakespeare,Male,3/17/75,Faculty
Dr. Constantin,Stanislavski,Female,1/13/70,Faculty
Dr. Antonin,Artaud,Female,4/28/72,Faculty
Maria,Lyons,Female,08/04/2000,Student
Teresa,Stuart,Female,11/27/03,Student
Regina,Willis,Female,03/06/2002,Student
Mark,Mendez,Male,11/16/00,Student
Dr.Krista,Hoffman,Female,12/10/1970,Faculty
Joseph,King,Male,01/01/2004,Student
Christopher,Jones,Male,11/25/02,Student
Stephen,Martin,Male,08/05/2004,Student
Dr.Kevin,Rios,Male,12/17/54,Faculty
Raymond,Davis,Male,04/11/2002,Student
Joseph,Long,Male,12/13/02,Student
Taylor,Green,Female,5/23/01,Student
Richard,Hendricks,Male,7/28/01,Student
Amanda,Pittman,Female,8/17/02,Student
Katie,Harris,Female,12/21/02,Student
Natalie,Butler,Female,5/13/05,Student
Dr.Cathy,Atkins,Female,6/16/76,Faculty
Dr.Elizabeth,Arroyo,Female,08/11/1985,Faculty
Kimberly,Molina,Female,10/27/01,Student
David,Garcia,Male,12/07/2004,Student
Dr.Christina,Martinez,Female,4/28/71,Faculty
Nathan,Campbell,Male,8/28/03,Student
Jennifer,Arellano,Female,4/30/02,Student
Steven,Ward,Male,01/11/2004,Student
Steven,Macias,Male,10/03/2002,Student
Patrick,Parrish,Male,4/16/03,Student
Marie,Mora,Female,07/09/2004,Student
Joshua,Jackson,Male,07/06/2001,Student
Tiffany,Santos,Female,4/14/04,Student
Anthony,Hess,Male,02/12/2005,Student
Angela,Hood,Female,07/11/2005,Student
Dr.Elizabeth,Castaneda,Female,11/20/86,Faculty
Laura,Kirby,Female,7/31/04,Student
Melanie,Rich,Female,11/10/2001,Student
James,Rodriguez,Male,11/21/04,Student
Dr.Marcus,Mcmahon,Male,10/31/58,Faculty
Elizabeth,Wilson,Female,03/03/2005,Student
Rachel,Lopez,Female,1/28/04,Student
Dr.Mary,Rogers,Female,12/08/1985,Faculty
John,Jordan,Male,04/05/2003,Student
Ellen,Price,Female,10/25/02,Student
David,Pena,Male,10/06/2004,Student
Dr.Audrey,Miller,Female,08/06/1981,Faculty
Rebecca,Barber,Female,01/11/2005,Student
Susan,Davis,Female,11/09/2002,Student
Christian,Carr,Male,01/09/2002,Student
Dr.Elaine,Smith,Female,5/22/72,Faculty
Susan,Peterson,Female,01/11/2001,Student
Dr.Leslie,Brown,Female,02/12/1987,Faculty
Douglas,Ward,Male,03/08/2003,Student
Edward,Macdonald,Male,07/02/2001,Student
Christian,Smith,Male,10/30/00,Student
Dr.Keith,Gonzales,Male,03/04/1969,Faculty
Charles,Potter,Male,12/05/2000,Student
Kristina,Rowland,Female,06/06/2005,Student
Eric,Daniel,Male,07/08/2003,Student
Barbara,Jones,Female,9/26/03,Student
Patricia,Howard,Female,3/16/03,Student
Dr.Shawn,Gordon,Male,11/22/60,Faculty
Molly,White,Female,3/17/03,Student
John,Henry,Male,7/19/05,Student
Amanda,Mcdowell,Female,07/12/2002,Student
Dennis,Diaz,Male,3/31/02,Student
Shannon,Lopez,Female,1/22/02,Student
Dr.Melissa,Osborne,Female,07/11/1978,Faculty
Miguel,Guerra,Male,7/28/01,Student
Erik,Kim,Male,1/13/03,Student
Riley,Johnson,Male,4/22/04,Student
Jose,Craig,Male,6/27/04,Student
Dominique,Braun,Female,2/26/05,Student
Heather,Skinner,Female,12/26/00,Student
Dr.Scott,Roberson,Male,06/10/1957,Faculty
Victoria,Hill,Female,01/12/2001,Student
Jonathan,Burnett,Male,6/13/03,Student
Dr.Jerry,Santiago,Male,10/15/56,Faculty
Dr.Mike,Webster,Male,11/01/1963,Faculty
Heather,Williams,Female,04/04/2001,Student
Jeffrey,Hayes,Male,6/22/03,Student
Martin,Morris,Male,10/26/03,Student
Philip,Hernandez,Male,7/24/04,Student
Dr.Jennifer,Williams,Female,11/05/1954,Faculty
Dr.Kristin,Thomas,Female,09/01/1984,Faculty
Cassandra,Burgess,Female,8/27/03,Student
Katherine,Hines,Female,09/05/2002,Student
Tonya,Thompson,Female,3/17/02,Student
Heidi,Ellis,Female,9/15/02,Student
Aaron,Gibson,Male,06/09/2001,Student
Tom,Hernandez,Male,10/13/01,Student
Mark,Mendoza,Male,3/25/02,Student
Sandra,Brooks,Female,12/08/2002,Student
Dr.Christopher,Johnson,Male,07/04/1986,Faculty
Michael,Miller,Male,1/23/05,Student
Dr.Matthew,Long,Male,12/02/1982,Faculty
Dean,Martinez,Male,6/29/02,Student
Robert,Wyatt,Male,1/30/03,Student
Laura,Rogers,Female,8/19/04,Student
Matthew,Travis,Male,01/12/2005,Student
Dr.Douglas,Jones,Male,2/13/73,Faculty
Pamela,Lee,Female,8/16/02,Student
Julie,Gardner,Female,3/14/02,Student
Dr.Donald,Hess,Male,5/17/70,Faculty
Dr.Robert,Smith,Male,5/27/56,Faculty
Brian,Leach,Male,2/15/04,Student
Dr.Heather,Robinson,Female,6/22/86,Faculty
Dr.Rachel,Graham,Female,1/28/82,Faculty
Michael,White,Male,11/06/2002,Student
Thomas,Horn,Male,2/18/05,Student
Sandra,Yang,Female,12/09/2003,Student
Grant,Taylor,Male,9/25/02,Student
Makayla,Gilmore,Female,05/05/2002,Student
Michael,Sandoval,Male,7/22/03,Student
Laura,Price,Female,02/10/2003,Student
Barbara,Sanders,Female,10/31/03,Student
Luis,White,Male,05/08/2003,Student
Mark,Baker,Male,10/04/2000,Student
Brittney,Perry,Female,07/10/2004,Student
Carrie,Bennett,Female,06/10/2001,Student
Deanna,Jones,Female,5/20/04,Student
Andrea,Williams,Female,07/07/2005,Student
Dr.Randy,Walker,Male,6/26/72,Faculty
Willie,Fritz,Male,5/14/03,Student
Danielle,Williams,Female,01/10/2005,Student
Michael,Vargas,Male,3/19/01,Student
William,Cook,Male,11/27/04,Student
Tami,Hernandez,Female,11/04/2001,Student
Wayne,Turner,Male,3/20/01,Student
Mary,Novak,Female,10/08/2000,Student
Richard,Diaz,Male,08/10/2000,Student
Dr.Seth,Brown,Male,8/24/85,Faculty
Stephanie,Vargas,Female,12/14/02,Student
Dr.Alyssa,White,Female,10/21/77,Faculty
Dr.Jennifer,Ruiz,Female,01/04/1970,Faculty
Dr.James,Stewart,Male,06/12/1963,Faculty
Whitney,Jackson,Female,4/21/03,Student
Theresa,Duffy,Female,7/23/03,Student
Taylor,Williams,Female,11/10/2004,Student
Kelsey,Jones,Female,11/28/03,Student
Sandra,Burnett,Female,11/18/03,Student
Lawrence,Miller,Male,10/06/2002,Student
Patrick,Reyes,Male,4/29/04,Student
Melissa,Wilson,Female,09/08/2004,Student
Alexander,Brown,Male,03/06/2004,Student
Dr.Vanessa,Dillon,Female,7/25/79,Faculty
Catherine,King,Female,06/03/2003,Student
Dr.Kimberly,Buchanan,Female,8/24/66,Faculty
Dr.Clifford,Williams,Male,10/21/85,Faculty
Dr.Jennifer,Hammond,Female,08/01/1958,Faculty
Kevin,Perkins,Male,09/11/2003,Student
Erica,Martin,Female,07/11/2001,Student
Jonathan,Martinez,Male,12/24/01,Student
Diana,Lucero,Female,02/03/2002,Student
Amber,Harrington,Female,7/30/01,Student
Dr.Teresa,Barajas,Female,12/29/67,Faculty
Heather,Pierce,Female,9/21/02,Student
Bobby,Young,Male,4/13/04,Student
Casey,Stephens,Female,03/07/2004,Student
Samantha,Kelly,Female,02/10/2002,Student
Dr.Stacey,Green,Female,5/20/62,Faculty
Haley,Johnson,Female,08/02/2001,Student
Sandra,Johnson,Female,06/07/2004,Student
Keith,Williams,Male,08/03/2004,Student
Stacy,Bonilla,Female,08/04/2000,Student
Dr.Brenda,Weber,Female,01/04/1956,Faculty
Alexandra,White,Female,02/07/2005,Student
Robert,Johnson,Male,07/12/2004,Student
Joseph,Cummings,Male,11/12/2003,Student
Ashley,Clark,Female,12/20/01,Student
Andrea,Moses,Female,5/17/02,Student
Zachary,Carter,Male,07/03/2005,Student
Brittany,Williams,Female,8/25/02,Student
Dr.Nicholas,Smith,Male,11/29/67,Faculty
Brian,Gutierrez,Male,8/27/01,Student
Jerry,Lee,Male,8/24/03,Student
Danielle,Cook,Female,2/19/05,Student
Dr.Sharon,Harris,Female,12/22/61,Faculty
Angela,Warner,Female,12/31/03,Student
Dr.Erik,Sanders,Male,5/14/69,Faculty
Darren,Baird,Male,12/25/03,Student
Dr.Rita,Brooks,Female,01/03/1971,Faculty
Angela,Dean,Female,08/06/2004,Student
Dominique,Johnson,Female,11/22/03,Student
Dr.Linda,Fowler,Female,12/28/77,Faculty
Alexander,Lewis,Male,04/04/2002,Student
Barbara,Stokes,Female,09/06/2002,Student
Dr.Regina,Moody,Female,12/04/1967,Faculty
Anthony,Peterson,Male,3/22/03,Student
Dr.Claire,Conway,Female,08/03/1962,Faculty
Dr.Zachary,Coleman,Male,10/30/72,Faculty
Dr.Mark,Perez,Male,10/17/72,Faculty
Dana,Smith,Female,4/21/03,Student
Dr.Melissa,Ross,Female,08/04/1967,Faculty
Dr.Brian,Martin,Male,2/15/88,Faculty
Adam,Krueger,Male,6/13/05,Student
Justin,Burns,Male,3/18/01,Student
Jacob,Brown,Male,12/26/00,Student
Elizabeth,Thomas,Female,6/26/04,Student
Dr.Roberta,Anderson,Female,01/01/1961,Faculty
Brandon,Carroll,Male,2/15/05,Student
Jermaine,Bray,Male,10/03/2000,Student
Jennifer,Huffman,Female,3/31/04,Student
Maureen,Lopez,Female,12/24/04,Student
Cheryl,Taylor,Female,10/17/01,Student
Stacy,Gomez,Female,9/20/03,Student
Dr.Crystal,Cline,Female,7/28/88,Faculty
Angel,Watson,Male,8/19/04,Student
John,Taylor,Male,6/19/05,Student
Cynthia,Conway,Female,3/14/03,Student
Sherry,Contreras,Female,6/21/04,Student
Jeffrey,Tapia,Male,9/20/04,Student
Sarah,Jones,Female,06/12/2001,Student
Chris,Miller,Male,12/06/2001,Student
Kimberly,Smith,Female,6/26/01,Student
Stefanie,Duffy,Female,1/19/03,Student
Johnny,Fry,Male,3/23/05,Student
Laura,Taylor,Female,11/29/02,Student
Mckenzie,Horne,Female,12/31/01,Student
Carolyn,Barnes,Female,8/15/01,Student
Craig,Stone,Male,3/28/04,Student
Dr.Jeremiah,Moss,Male,10/02/1967,Faculty
Daniel,Torres,Male,10/26/00,Student
Desiree,Kidd,Female,02/12/2005,Student
Molly,Cortez,Female,12/13/04,Student
Dr.Jennifer,Jones,Female,1/22/83,Faculty
Dr.Angela,Paul,Female,8/19/79,Faculty
Susan,Kim,Female,12/11/2004,Student
Katrina,Jones,Female,3/24/05,Student
Dr.Kristen,Miller,Female,7/22/66,Faculty
Sue,Myers,Female,05/03/2003,Student
Dr.Stephen,Meyer,Male,6/26/89,Faculty
Jason,Torres,Male,10/29/01,Student
Dawn,Rojas,Female,4/16/04,Student
Jessica,Brewer,Female,10/24/04,Student
Derrick,Kelley,Male,12/14/01,Student
Robert,Johnston,Male,7/25/01,Student
Dr.Crystal,Zhang,Female,09/08/1958,Faculty
Dr.Stephanie,Day,Female,07/08/1959,Faculty
Matthew,Leach,Male,5/18/03,Student
Darrell,Mahoney,Male,2/19/05,Student
Amanda,Wall,Female,07/11/2005,Student
Paul,Wolfe,Male,01/12/2001,Student
Cody,Watts,Male,07/01/2001,Student
Julie,Curtis,Female,9/24/03,Student
Zachary,Gallagher,Male,11/14/03,Student
Donna,Brown,Female,9/13/02,Student
Dr.Michael,Davidson,Male,10/11/1953,Faculty
Leah,Rogers,Female,04/08/2001,Student
Dr.Joshua,Meyer,Male,8/25/85,Faculty
Paula,Leach,Female,5/26/02,Student
Michelle,Brown,Female,7/15/03,Student
Brittany,Rojas,Female,1/21/02,Student
Christopher,Berry,Male,10/07/2000,Student
Anthony,Pitts,Male,6/26/02,Student
Anthony,Thomas,Male,11/02/2004,Student
Cody,Dawson,Male,3/22/01,Student
Margaret,Davis,Female,11/09/2003,Student
Tara,Elliott,Female,08/01/2002,Student
Dr.Clinton,Perez,Male,3/15/56,Faculty
Jay,Snow,Male,07/06/2005,Student
Garrett,Rivera,Male,07/09/2001,Student
Larry,Davis,Male,9/30/04,Student
Jeffrey,Liu,Male,4/15/01,Student
Shelby,Robles,Female,08/01/2005,Student
Dr.Chris,Hull,Male,01/08/1987,Faculty
Dr.George,Harvey,Male,4/21/71,Faculty
Dr.Megan,French,Female,5/22/71,Faculty
Austin,Sanchez,Male,4/21/01,Student
Christopher,Long,Male,1/16/05,Student
Dr.Katherine,Curry,Female,10/15/56,Faculty
Justin,Hernandez,Male,09/01/2002,Student
Dr.Joseph,James,Male,07/06/1985,Faculty
Dr.Brent,Scott,Male,10/06/1988,Faculty
Noah,Brock,Male,04/12/2002,Student
Desiree,Cannon,Female,12/11/2004,Student
Dr.Ashley,James,Female,3/13/63,Faculty
Eric,King,Male,10/23/00,Student
Bianca,Gardner,Female,12/02/2001,Student
Deborah,Manning,Female,7/29/04,Student
John,Davis,Male,7/31/04,Student
Dr.Hector,West,Male,4/24/77,Faculty
Nathaniel,Hill,Male,2/19/04,Student
Dr.Lisa,Flores,Female,12/27/78,Faculty
Sean,Cabrera,Male,12/04/2000,Student
Dr.Sue,Estrada,Female,02/09/1970,Faculty
Lisa,Riley,Female,5/21/04,Student
Taylor,Olson,Female,09/08/2001,Student
Donna,Smith,Female,5/26/05,Student
Dr.Laurie,Cameron,Female,4/19/82,Faculty
Linda,King,Female,10/01/2001,Student
Travis,Wagner,Male,1/22/02,Student
Dr.Victoria,Simmons,Female,4/28/64,Faculty
Bruce,Smith,Male,8/30/02,Student
Steven,Lam,Male,12/21/01,Student
Dr.Casey,Vasquez,Female,9/13/70,Faculty
James,White,Male,06/01/2002,Student
Dr.Crystal,Porter,Female,11/07/1956,Faculty
Edward,Blanchard,Male,12/23/04,Student
Dr.Sherry,Braun,Female,11/16/69,Faculty
Diamond,Martinez,Female,02/03/2002,Student
Jamie,Shaw,Female,6/20/01,Student
Dr.Angela,Murphy,Female,4/30/85,Faculty
Dr.Krista,Allison,Female,5/31/72,Faculty
Gabriel,Dorsey,Male,10/23/04,Student
Richard,Johnson,Male,04/07/2001,Student
Eric,Gonzalez,Male,11/05/2000,Student
Haley,Thomas,Female,02/08/2003,Student
James,Hunter,Male,09/03/2003,Student
Jill,Sanchez,Female,3/19/01,Student
Lisa,Hamilton,Female,05/10/2003,Student
Michael,Chaney,Male,6/13/03,Student
Ryan,Yang,Male,01/09/2002,Student
Christopher,Owens,Male,2/19/02,Student
Dr.Kimberly,Zuniga,Female,8/21/61,Faculty
Ashley,Nguyen,Female,7/24/01,Student
Dr.Gerald,Oneill,Male,01/04/1967,Faculty
Heidi,Jones,Female,05/08/2004,Student
Kathryn,Montoya,Female,11/13/04,Student
Dr.Allison,Martinez,Female,10/02/1970,Faculty
Dr.Alan,Flores,Male,11/26/64,Faculty
Ronald,Lewis,Male,6/16/03,Student
Bobby,Gomez,Male,10/08/2000,Student
Arthur,Williams,Male,6/17/01,Student
Katherine,Gonzalez,Female,03/09/2002,Student
Allen,Wright,Male,2/20/02,Student
Sarah,Kennedy,Female,8/24/02,Student
Joseph,Turner,Male,12/27/01,Student
Jeffrey,Morgan,Male,8/19/02,Student
Dr.Elizabeth,Walker,Female,6/22/63,Faculty
Laura,Mullen,Female,7/21/05,Student
Joseph,Robertson,Male,12/06/2000,Student
Susan,Coleman,Female,12/19/03,Student
Brenda,Rollins,Female,2/20/02,Student
Amy,Schmitt,Female,7/16/01,Student
Jonathan,Krause,Male,08/08/2000,Student
Dawn,Myers,Female,5/17/02,Student
Glen,Burke,Male,12/29/00,Student
Dr.Tamara,Henry,Female,8/23/79,Faculty
Jeffrey,Rivera,Male,04/03/2002,Student
Chad,Martinez,Male,3/27/05,Student
Sean,Mcclain,Male,05/01/2001,Student
Robert,Villa,Male,8/23/01,Student
James,Todd,Male,2/16/05,Student
Sean,Little,Male,12/04/2001,Student
Aaron,Mendoza,Male,04/04/2004,Student
Dr.Michelle,Lopez,Female,4/25/80,Faculty
Dr.Lisa,Wright,Female,12/27/59,Faculty
Robert,Lee,Male,9/15/02,Student
Brett,Walker,Male,07/02/2002,Student
Dr.Catherine,Higgins,Female,2/13/56,Faculty
Chad,Huynh,Male,07/11/2002,Student
Chad,Martin,Male,1/15/01,Student
Daniel,Sanchez,Male,01/08/2005,Student
Shawn,Maxwell,Male,8/22/02,Student
Dr.Christopher,Lewis,Male,04/02/1967,Faculty
Karen,Bolton,Female,11/24/02,Student
Samantha,Smith,Female,04/08/2004,Student
Dr.Erin,King,Female,12/04/1970,Faculty
Emily,Watkins,Female,3/15/03,Student
Amber,Nguyen,Female,11/10/2000,Student
Veronica,Parker,Female,12/02/2003,Student
Kevin,Benton,Male,2/19/04,Student
Daniel,Cummings,Male,9/16/03,Student
Daniel,Haynes,Male,06/08/2004,Student
Christopher,Rangel,Male,12/31/00,Student
Tammy,Barber,Female,01/12/2002,Student
Amanda,Jackson,Female,12/09/2002,Student
Sheri,Conner,Female,1/31/04,Student
Bradley,Ramirez,Male,10/02/2003,Student
Amy,Williams,Female,11/11/2003,Student
Dr.Anthony,Brown,Male,8/21/53,Faculty
Lisa,Vasquez,Female,01/08/2004,Student
Stefanie,Foster,Female,8/25/03,Student
Dr.Jason,Torres,Male,03/09/1976,Faculty
Rhonda,Woods,Female,11/23/04,Student
Kimberly,Jackson,Female,11/28/01,Student
Vanessa,Garcia,Female,7/27/02,Student
Karen,Johnson,Female,04/01/2004,Student
Tiffany,Martinez,Female,09/12/2001,Student
Kristin,Hawkins,Female,08/05/2002,Student
David,Mcdaniel,Male,08/06/2004,Student
William,Ponce,Male,12/01/2003,Student
Leslie,Thomas,Female,10/14/04,Student
Mark,Hubbard,Male,01/05/2001,Student
James,Bryant,Male,05/09/2002,Student
Jacob,Cantrell,Male,5/23/02,Student
Casey,Santiago,Male,4/14/04,Student
Ryan,Ramos,Male,05/02/2004,Student
Kristy,Wilson,Female,10/04/2001,Student
Kristin,Perkins,Female,5/24/04,Student
Jeremiah,Holloway,Male,02/10/2003,Student
Dr.Kevin,Reilly,Male,09/04/1961,Faculty
Thomas,Martinez,Male,11/25/00,Student
Kyle,Perry,Male,05/01/2001,Student
Dr.Ronald,Patel,Male,8/15/61,Faculty
Tiffany,White,Female,09/05/2003,Student
Matthew,Mitchell,Male,3/26/05,Student
Katie,Rice,Female,11/20/03,Student
Michael,Smith,Male,11/06/2002,Student
Ronald,Nelson,Male,04/05/2002,Student
Lisa,Sharp,Female,5/27/04,Student
Jerry,Moore,Male,05/04/2004,Student
Elizabeth,Pacheco,Female,08/10/2003,Student
Elizabeth,Huffman,Female,11/01/2002,Student
Jessica,Perez,Female,4/13/04,Student
Christina,Jones,Female,01/09/2004,Student
Jennifer,Russo,Female,4/14/01,Student
Julian,Gonzalez,Male,3/15/05,Student
Laurie,Stein,Female,3/24/03,Student
Holly,Lindsey,Female,11/21/00,Student
Reginald,Reed,Male,06/10/2005,Student
Shelley,Macdonald,Female,08/01/2001,Student
Dr.Chad,Coleman,Male,07/03/1971,Faculty
Dr.Denise,Mullen,Female,12/22/54,Faculty
Dr.Sydney,Guerra,Female,9/26/55,Faculty
Dr.Jesse,Lee,Male,06/05/1974,Faculty
Theresa,Roberts,Female,1/19/04,Student
Dr.Raymond,Brock,Male,01/12/1967,Faculty
Dr.Stephanie,Jordan,Female,05/10/1954,Faculty
Dr.Patricia,Lopez,Female,5/27/83,Faculty
Connie,Navarro,Female,6/26/05,Student
Annette,Beard,Female,03/08/2005,Student
Amber,Browning,Female,04/08/2001,Student
Caleb,Patterson,Male,02/09/2001,Student
Alvin,Johnson,Male,10/15/04,Student
Ronald,Beard,Male,10/19/02,Student
Dr.Gregory,Anderson,Male,6/26/65,Faculty
Victor,Arellano,Male,6/17/02,Student
Christina,Moore,Female,09/07/2001,Student
Alejandro,Hardy,Male,03/12/2002,Student
Steven,Winters,Male,6/20/01,Student
Sarah,Green,Female,1/17/02,Student
Rebecca,Willis,Female,08/05/2001,Student
Brianna,Phillips,Female,05/03/2002,Student
Christine,Moran,Female,1/15/04,Student
Dr.David,Bruce,Male,06/02/1964,Faculty
Dwayne,Gonzales,Male,03/07/2005,Student
Stacy,Curtis,Female,08/09/2000,Student
Michael,Gordon,Male,12/14/01,Student
Justin,Ramirez,Male,3/29/01,Student
Victoria,Williams,Female,12/17/02,Student
Dr.Micheal,Miller,Male,12/14/73,Faculty
Robert,Gay,Male,11/22/00,Student
Dr.David,Patterson,Male,03/10/1962,Faculty
Lisa,Houston,Female,3/24/03,Student
Patricia,Phillips,Female,11/04/2001,Student
Stacey,Perkins,Female,7/22/02,Student
Amanda,Vang,Female,6/16/01,Student
Robert,Wright,Male,12/21/01,Student
Karen,Gonzalez,Female,3/21/04,Student
Rebekah,Peterson,Female,4/30/04,Student
Austin,Summers,Male,3/30/02,Student
Kimberly,Sherman,Female,08/08/2002,Student
Thomas,Pacheco,Male,10/08/2000,Student
Sheila,Benitez,Female,10/28/03,Student
Susan,Chan,Female,12/28/03,Student
Dr.Grace,Jones,Female,04/01/1966,Faculty
Daniel,Rangel,Male,1/13/02,Student
Yolanda,Conway,Female,4/30/03,Student
Katrina,Lewis,Female,04/11/2003,Student
Jillian,Daniels,Female,11/30/01,Student
Belinda,Hopkins,Female,9/14/00,Student
Dr.Alicia,Beasley,Female,7/30/76,Faculty
Alexandra,Nguyen,Female,1/14/02,Student
Anthony,Munoz,Male,9/18/00,Student
Hector,Acevedo,Male,10/13/02,Student
Stacey,Jimenez,Female,06/11/2002,Student
Dr.Brandon,Durham,Male,06/10/1957,Faculty
Joshua,Daugherty,Male,10/11/2001,Student
Dr.Sarah,Holloway,Female,06/11/1978,Faculty
David,Harrell,Male,08/04/2004,Student
Alex,Brown,Male,10/31/00,Student
Lori,Mayer,Female,01/01/2004,Student
Jill,Smith,Female,04/10/2004,Student
Aaron,Roberts,Male,4/26/04,Student
Timothy,Wiley,Male,09/02/2000,Student
Matthew,Lee,Male,7/16/04,Student
Dr.Jeffrey,Howard,Male,4/22/66,Faculty
Dr.Angelica,Johnson,Female,4/25/57,Faculty
Sheri,Jimenez,Female,11/02/2001,Student
Ryan,Jones,Male,10/20/01,Student
Sandra,Bush,Female,11/16/04,Student
Dr.Sherri,Frazier,Female,12/09/1985,Faculty
Dr.Tanya,Stevenson,Female,1/18/65,Faculty
Dr.Kelsey,Lewis,Female,12/04/1969,Faculty
Alyssa,Lynch,Female,09/03/2004,Student
Dr.Leslie,Peters,Female,7/28/72,Faculty
John,Lewis,Male,4/13/03,Student
Margaret,Waller,Female,10/02/2004,Student
Dr.Jessica,Jenkins,Female,05/03/1988,Faculty
Crystal,Moran,Female,12/09/2002,Student
Lisa,Martin,Female,07/05/2003,Student
Jennifer,Black,Female,11/03/2004,Student
Darlene,Mcgee,Female,04/01/2001,Student
Joseph,Yates,Male,9/15/04,Student
Pamela,Howell,Female,11/23/02,Student
Dr.Ronald,Cook,Male,12/08/1985,Faculty
Christina,Garza,Female,04/06/2002,Student
Eugene,Lopez,Male,05/11/2003,Student
Tamara,Smith,Female,1/16/03,Student
Adam,Wilson,Male,11/12/2001,Student
Chad,Daniel,Male,8/26/00,Student
Tracy,Reed,Female,12/16/04,Student
Aaron,Olsen,Male,06/08/2002,Student
Dr.Matthew,Gibson,Male,03/12/1960,Faculty
Richard,Grimes,Male,4/23/02,Student
Edward,Schultz,Male,3/18/02,Student
Marc,Adams,Male,07/11/2004,Student
Elizabeth,Chen,Female,9/14/02,Student
Elizabeth,Sanchez,Female,10/21/00,Student
Dr.Randy,Johnson,Male,9/23/60,Faculty
William,Hill,Male,09/06/2004,Student
Joy,Jackson,Female,9/20/01,Student
Dr.Rebecca,Hurst,Female,12/09/1977,Faculty
Kimberly,Fleming,Female,06/04/2002,Student
Kevin,Robinson,Male,9/15/00,Student
Dr.Alexandra,Stewart,Female,1/19/55,Faculty
Jessica,Chavez,Female,11/08/2000,Student
April,Taylor,Female,4/20/04,Student
Kimberly,Vasquez,Female,6/21/05,Student
Matthew,Johnson,Male,07/12/2001,Student
Alexis,Perry,Male,11/18/00,Student
Cody,Esparza,Male,01/02/2001,Student
Kelsey,Finley,Female,3/16/01,Student
Michael,Nelson,Male,02/02/2001,Student
Dr.William,Yoder,Male,4/16/69,Faculty
Steven,Cooper,Male,5/27/03,Student
Dr.Brenda,Burke,Female,05/04/1969,Faculty
Eric,Conner,Male,06/01/2001,Student
Evelyn,Cook,Female,6/28/05,Student
Kimberly,Gross,Female,07/08/2004,Student
Julia,Robinson,Female,6/19/02,Student
Krista,Howell,Female,11/25/00,Student
Monica,Wood,Female,9/22/03,Student
Levi,Campbell,Male,09/11/2003,Student
Wendy,Hall,Female,6/24/03,Student
Anna,Hawkins,Female,12/28/03,Student
Jessica,Smith,Female,08/10/2001,Student
Felicia,Gregory,Female,7/28/04,Student
Todd,Walker,Male,5/19/03,Student
Kimberly,Rodriguez,Female,12/05/2004,Student
Walter,Hays,Male,03/09/2001,Student
Dr.Courtney,Morrison,Female,5/23/69,Faculty
Robin,Reynolds,Female,03/07/2003,Student
James,Campbell,Male,11/16/03,Student
Sarah,Mcclure,Female,4/13/02,Student
Nathan,Mcgee,Male,05/07/2005,Student
Tracy,Green,Female,4/17/01,Student
Dr.Debra,Hogan,Female,9/20/70,Faculty
Emily,Clayton,Female,9/17/03,Student
Meredith,Byrd,Female,10/16/01,Student
Gregory,Horn,Male,9/20/01,Student
Angela,Taylor,Female,6/25/04,Student
Kenneth,Lewis,Male,4/17/03,Student
Daniel,Simon,Male,1/24/03,Student
Todd,Carlson,Male,1/25/02,Student
Lisa,Lamb,Female,5/22/02,Student
Kristin,Conner,Female,1/29/05,Student
Danielle,Horton,Female,7/17/04,Student
Bradley,Phillips,Male,09/10/2003,Student
Dr.Vanessa,Cline,Female,08/11/1978,Faculty
Karen,Lynch,Female,9/14/02,Student
Jeffery,Lee,Male,05/12/2002,Student
Dale,Wallace,Male,2/27/05,Student
Meghan,Morris,Female,01/02/2005,Student
Valerie,Guzman,Female,11/03/2002,Student
Dr.Sean,Baldwin,Male,12/20/85,Faculty
William,Peters,Male,7/15/01,Student
Dr.Joan,Brown,Female,6/17/77,Faculty
Elizabeth,Blair,Female,04/03/2005,Student
Todd,Bailey,Male,6/23/02,Student
Dr.Ashley,Barnes,Female,3/14/58,Faculty
Amanda,Cox,Female,1/22/03,Student
John,Wilson,Male,9/14/04,Student
Stacy,Huber,Female,2/28/02,Student
Heidi,Cobb,Female,10/02/2001,Student
Carrie,Duarte,Female,10/23/03,Student
Megan,Brooks,Female,7/21/01,Student
Lauren,Smith,Female,01/12/2002,Student
Joseph,Pineda,Male,02/04/2003,Student
Dr.Caitlyn,Meadows,Female,3/19/70,Faculty
Dr.Daniel,Pena,Male,2/24/74,Faculty
Sharon,Hunt,Female,6/14/04,Student
William,Jones,Male,12/29/02,Student
Troy,English,Male,2/20/05,Student
Amy,Williamson,Female,7/22/02,Student
Megan,Shepard,Female,01/06/2001,Student
Dr.David,Mayo,Male,10/16/79,Faculty
Dr.Carolyn,Gray,Female,3/20/68,Faculty
Sarah,Wolf,Female,01/10/2005,Student
Eric,Shah,Male,12/17/03,Student
Taylor,Mccullough,Male,12/07/2003,Student
April,Castillo,Female,12/30/00,Student
Stephanie,Diaz,Female,07/05/2004,Student
Gary,Lewis,Male,10/07/2002,Student
Edward,Grimes,Male,2/23/03,Student
Jennifer,Cruz,Female,09/03/2001,Student
Tiffany,Duncan,Female,11/11/2001,Student
Lauren,Armstrong,Female,08/12/2003,Student
Heather,Phelps,Female,10/21/02,Student
Dr.Kylie,Wright,Female,6/29/57,Faculty
Robert,Parker,Male,8/26/01,Student
Timothy,Jones,Male,05/10/2005,Student
Dr.Joshua,Bowman,Male,8/28/54,Faculty
Drew,Figueroa,Male,5/19/02,Student
Cassandra,Long,Female,01/08/2001,Student
Dominic,Walker,Male,05/11/2003,Student
Michael,Taylor,Male,01/08/2004,Student
Danielle,Hunter,Female,6/24/04,Student
John,York,Male,04/08/2005,Student
Jill,Payne,Female,11/25/04,Student
Pamela,Gallegos,Female,05/05/2004,Student
Michelle,Cochran,Female,10/26/01,Student
Anthony,Graham,Male,1/16/05,Student
Kenneth,Jenkins,Male,8/19/01,Student
James,Luna,Male,04/06/2004,Student
Marie,Oneill,Female,4/18/04,Student
Dawn,Williams,Female,9/27/01,Student
Dr.Leslie,Campbell,Female,12/07/1975,Faculty
Kelly,Terry,Female,1/15/05,Student
Deborah,Flores,Female,9/14/00,Student
Suzanne,Whitaker,Female,2/26/04,Student
Taylor,Santana,Female,9/17/01,Student
Crystal,Reyes,Female,07/08/2002,Student
Dr.Kimberly,Walker,Female,9/25/56,Faculty
Michelle,Gomez,Female,1/31/01,Student
Mitchell,Frank,Male,01/11/2005,Student
Dr.Wayne,Curtis,Male,09/09/1973,Faculty
Dr.Dustin,Walter,Male,04/09/1964,Faculty
Jeffrey,Adams,Male,8/19/01,Student
Brandon,Underwood,Male,1/30/03,Student
Sarah,Taylor,Female,11/27/03,Student
Ryan,Ballard,Male,9/27/00,Student
Michael,Gibson,Male,3/31/03,Student
Carla,Becker,Female,05/01/2001,Student
Alexandra,Gutierrez,Female,4/22/05,Student
Tara,Smith,Female,12/21/03,Student
Megan,Padilla,Female,10/24/03,Student
Jason,Parker,Male,12/15/02,Student
Dr.Jacob,Nguyen,Male,08/07/1973,Faculty
Brenda,Moore,Female,07/05/2005,Student
Larry,Mcguire,Male,05/01/2004,Student
Carlos,Harris,Male,03/05/2003,Student
Natasha,Carter,Female,8/29/00,Student
Amber,Mcdowell,Female,1/28/02,Student
Natasha,Patel,Female,11/24/04,Student
Sabrina,Jones,Female,8/20/04,Student
Shawn,Wong,Male,03/06/2003,Student
Taylor,Stewart,Female,10/14/02,Student
Dr.Craig,Rodriguez,Male,6/23/81,Faculty
Dr.Gwendolyn,Oneal,Female,06/04/1984,Faculty
Anna,Simmons,Female,7/31/02,Student
Luke,Freeman,Male,11/05/2001,Student
Jennifer,Weaver,Female,12/31/00,Student
Kimberly,Zhang,Female,12/24/03,Student
Denise,Ramirez,Female,10/06/2000,Student
Danny,Fletcher,Male,07/08/2004,Student
Tiffany,Jensen,Female,05/09/2005,Student
Vincent,Kim,Male,9/22/03,Student
Jeffrey,Johnson,Male,02/05/2001,Student
Antonio,Scott,Male,07/04/2004,Student
Tracy,Henderson,Female,6/17/04,Student
Dr.Joseph,Wright,Male,11/10/1973,Faculty
Jessica,Rogers,Female,10/13/00,Student
Dr.Kelly,Campbell,Female,08/07/1982,Faculty
Aimee,Hurst,Female,5/15/03,Student
Angela,Ayala,Female,01/07/2002,Student
Dr.James,Long,Male,5/28/61,Faculty
Dr.Jason,Bell,Male,10/30/70,Faculty
Kimberly,Myers,Female,09/05/2000,Student
Paul,Graham,Male,06/08/2003,Student
Dr.Andrew,Clark,Male,3/15/62,Faculty
Janice,Foster,Female,10/23/00,Student
Nathan,Warren,Male,11/04/2002,Student
Dr.Rebecca,Martinez,Female,6/30/61,Faculty
Christian,Farrell,Male,12/12/2004,Student
Michael,Gray,Male,11/24/03,Student
Faith,Simpson,Female,9/16/03,Student
Jennifer,Lawrence,Female,12/24/01,Student
Dr.Sarah,Pitts,Female,10/05/1956,Faculty
Dr.Timothy,Colon,Male,2/21/73,Faculty
Megan,Carter,Female,4/24/03,Student
Dr.Sarah,Hunt,Female,11/28/55,Faculty
Sherry,Lewis,Female,7/20/05,Student
Kevin,Mcneil,Male,7/26/04,Student
Christopher,Guerrero,Male,4/29/02,Student
Dylan,Gonzalez,Male,2/15/05,Student
Scott,Perez,Male,2/28/03,Student
Ricardo,Chen,Male,12/09/2000,Student
Johnny,Miller,Male,9/16/03,Student
Katie,Hardy,Female,3/31/05,Student
Michelle,Oliver,Female,7/17/04,Student
Emily,Perez,Female,6/23/05,Student
Kevin,Smith,Male,02/11/2004,Student
Dr.Dennis,Walsh,Male,06/06/1961,Faculty
Dr.Katelyn,Carson,Female,7/27/78,Faculty
Dr.Sarah,Dennis,Female,2/29/64,Faculty
Dr.Susan,Ayers,Female,03/07/1980,Faculty
Matthew,Golden,Male,7/29/02,Student
Kelsey,Bailey,Female,8/16/02,Student
Megan,Tucker,Female,10/30/02,Student
Maria,Taylor,Female,05/05/2005,Student
Sheryl,Foster,Female,9/19/02,Student
Tammy,Manning,Female,7/26/05,Student
Phillip,Velasquez,Male,7/18/04,Student
Dr.Charles,Mills,Male,05/02/1974,Faculty
Nathan,Hernandez,Male,11/17/03,Student
Christopher,Burns,Male,01/05/2004,Student
Kimberly,Ramirez,Female,6/27/04,Student
Steven,Adams,Male,11/25/03,Student
Patricia,Haney,Female,8/23/00,Student
Dr.Hannah,Moore,Female,3/15/68,Faculty
Dr.Kimberly,Crawford,Female,6/30/60,Faculty
Dr.Linda,Palmer,Female,02/05/1958,Faculty
Kimberly,Vance,Female,4/17/01,Student
Matthew,Sanchez,Male,8/24/02,Student
Daniel,Jackson,Male,12/22/02,Student
Nathaniel,Bailey,Male,8/15/04,Student
Jeffrey,Lee,Male,6/19/01,Student
James,Hill,Male,12/27/00,Student
Robert,Gonzalez,Male,3/14/02,Student
Patricia,Hill,Female,1/27/02,Student
Dr.Jason,Holmes,Male,4/25/56,Faculty
Dr.Michael,Reynolds,Male,6/16/73,Faculty
Katherine,Hunt,Female,03/09/2005,Student
Dr.Bruce,Hodges,Male,06/09/1965,Faculty
Christopher,Jefferson,Male,12/23/00,Student
Lawrence,Yang,Male,3/25/01,Student
Nicole,Santos,Female,06/09/2005,Student
David,Nelson,Male,12/15/02,Student
Dr.Erik,Watson,Male,12/08/1970,Faculty
Reginald,Davis,Male,10/01/2002,Student
Kristen,Jones,Female,1/20/05,Student
Dr.Anita,Gonzalez,Female,05/02/1954,Faculty
Joseph,Hill,Male,11/09/2001,Student
Desiree,Mcgrath,Female,3/27/01,Student
Melissa,Burke,Female,02/11/2003,Student
Cynthia,Armstrong,Female,7/20/02,Student
Eric,Ochoa,Male,03/06/2002,Student
Jennifer,Campbell,Female,3/26/03,Student
Mary,Daugherty,Female,07/06/2004,Student
Dr.James,Lewis,Male,2/19/79,Faculty
Lisa,Case,Female,12/15/02,Student
Alicia,Smith,Female,2/23/01,Student
Robert,Thomas,Male,10/23/00,Student
Dr.Andrew,Tate,Male,09/02/1955,Faculty
Dr.Christina,Medina,Female,6/22/74,Faculty
Anita,Marshall,Female,2/20/03,Student
Amanda,Patton,Female,2/27/03,Student
Dr.Amber,Chapman,Female,8/14/80,Faculty
Patricia,Roberts,Female,03/04/2002,Student
Shane,Morgan,Male,12/11/2000,Student
Heather,Conley,Female,1/28/04,Student
Amanda,Franklin,Female,4/28/02,Student
Michael,Holt,Male,12/24/02,Student
Dr.Joshua,Davis,Male,01/04/1968,Faculty
Scott,Garcia,Male,1/27/05,Student
David,Mcdonald,Male,05/02/2003,Student
Cameron,Kline,Male,12/08/2001,Student
Shirley,Gray,Female,04/06/2002,Student
Jasmine,Miller,Female,10/02/2001,Student
Aaron,Shields,Male,05/08/2003,Student
Tara,Davis,Female,10/03/2004,Student
Paul,Wilson,Male,5/24/02,Student
Laura,Phelps,Female,9/30/03,Student
John,Rose,Male,09/08/2003,Student
Matthew,Campos,Male,11/04/2000,Student
Kenneth,Carrillo,Male,12/06/2002,Student
Carmen,Cox,Female,5/14/05,Student
Brandon,Briggs,Male,04/07/2002,Student
Brian,Carpenter,Male,6/14/04,Student
Emily,Hall,Female,9/29/04,Student
Sierra,Russell,Female,7/15/03,Student
Alexis,Davis,Female,08/06/2002,Student
Dr.Shannon,Sutton,Female,08/09/1981,Faculty
John,Watts,Male,11/05/2001,Student
Dr.Anthony,Wright,Male,05/02/1989,Faculty
Alexandra,Simpson,Female,5/13/02,Student
Elizabeth,Norris,Female,7/21/04,Student
Nicholas,Cervantes,Male,01/12/2004,Student
Nicole,Morton,Female,9/25/02,Student
Kenneth,Smith,Male,2/27/01,Student
Jennifer,Jones,Female,10/24/03,Student
Joshua,Duncan,Male,3/15/03,Student
Dr.Amy,Martinez,Female,5/31/84,Faculty
Jennifer,Acosta,Female,11/07/2000,Student
Kiara,Owens,Female,12/01/2003,Student
Patrick,Davidson,Male,5/13/04,Student
Paul,Delacruz,Male,12/03/2001,Student
Shawn,Decker,Male,01/06/2002,Student
John,Butler,Male,07/05/2001,Student
Cheryl,Carter,Female,08/08/2000,Student
David,Phillips,Male,11/11/2004,Student
Donald,Cook,Male,10/19/00,Student
Dr.Susan,Dominguez,Female,1/23/57,Faculty
Dr.William,Hogan,Male,9/29/75,Faculty
Dr.Anthony,Mcclain,Male,10/20/69,Faculty
Mary,Garner,Female,12/11/2002,Student
Thomas,Weiss,Male,11/22/03,Student
Samuel,Wood,Male,9/22/03,Student
Nancy,Williamson,Female,7/23/05,Student
Randy,Carson,Male,11/11/2001,Student
Rebecca,Johnson,Female,11/08/2004,Student
Andrea,Rice,Female,3/31/05,Student
Antonio,Harrell,Male,5/17/04,Student
Ronald,Stephens,Male,11/01/2002,Student
Connie,Wells,Female,6/19/01,Student
Kristina,Levine,Female,05/10/2003,Student
Tracy,Porter,Female,02/01/2001,Student
Karina,Hayes,Female,3/27/04,Student
Ryan,Horn,Male,5/25/01,Student
David,Mullins,Male,10/03/2001,Student
Dr.Nicholas,Graves,Male,10/16/57,Faculty
Dr.Michael,Gray,Male,02/11/1969,Faculty
Zachary,Sims,Male,9/27/00,Student
Curtis,Rivas,Male,5/18/03,Student
Dr.Lisa,Swanson,Female,01/12/1975,Faculty
Angela,Jenkins,Female,10/18/00,Student
Dr.Adam,Perez,Male,12/05/1986,Faculty
Stephen,Jarvis,Male,07/10/2005,Student
Monique,Wood,Female,10/28/00,Student
Katherine,Spencer,Female,9/15/02,Student
Holly,Riddle,Female,08/01/2005,Student
Jessica,Scott,Female,10/07/2000,Student
Eugene,Heath,Male,7/15/05,Student
Gabrielle,Williams,Female,10/24/00,Student
David,Olson,Male,06/03/2001,Student
Dominique,Bryant,Female,11/04/2002,Student
Brian,Carter,Male,2/28/03,Student
Dr.Rachel,Simon,Female,12/26/67,Faculty
Tara,Lee,Female,07/09/2004,Student
Susan,Freeman,Female,10/07/2000,Student
Dr.Amy,Parsons,Female,12/08/1968,Faculty
Alyssa,Brennan,Female,6/26/05,Student
Justin,Lucero,Male,10/20/01,Student
Dr.Paul,Norman,Male,06/10/1977,Faculty
Darlene,Wilson,Female,2/15/05,Student
Dr.Jason,Blanchard,Male,11/08/1986,Faculty
Tamara,Davis,Female,2/17/03,Student
Stephanie,Price,Female,10/27/03,Student
Diane,Harris,Female,11/15/00,Student
Dr.Maria,Wong,Female,3/21/54,Faculty
Brianna,Keller,Female,12/30/00,Student
Jeffrey,Perez,Male,3/25/05,Student
Dr.Crystal,Cortez,Female,7/16/63,Faculty
Andrew,Rice,Male,07/10/2001,Student
Michael,Cunningham,Male,1/20/05,Student
Jenna,Ramirez,Female,4/16/01,Student
Anthony,Luna,Male,04/04/2003,Student
Lauren,Rangel,Female,9/27/04,Student
Jessica,Houston,Female,5/21/03,Student
Sandy,Lee,Female,06/03/2001,Student
Elijah,Jones,Male,11/03/2004,Student
Luke,Smith,Male,6/15/02,Student
Dr.Brenda,Woods,Female,6/26/59,Faculty
Christopher,Oneal,Male,03/06/2003,Student
Eugene,Thomas,Male,06/02/2003,Student
Roger,Johnson,Male,2/26/05,Student
Kristopher,Rocha,Male,12/26/00,Student
Dr.Ariel,Hodges,Female,06/03/1970,Faculty
Christine,Vega,Female,10/17/02,Student
Bruce,Bryant,Male,10/13/04,Student
Shawn,Steele,Male,7/14/03,Student
Kristen,Carlson,Female,3/21/02,Student
Ryan,Williams,Male,02/05/2004,Student
Shawn,Fox,Male,04/12/2004,Student
Scott,Cooper,Male,11/26/04,Student
Joseph,Coleman,Male,5/18/02,Student
Ryan,Salinas,Male,10/26/03,Student
Tanya,Williams,Female,06/12/2004,Student
Joseph,Reynolds,Male,09/03/2004,Student
Karen,Bennett,Female,02/02/2003,Student
Renee,Evans,Female,5/27/03,Student
Heather,Hunt,Female,2/20/05,Student
Oscar,Newton,Male,7/17/02,Student
Dr.Shannon,Thomas,Female,1/17/81,Faculty
David,Long,Male,04/10/2001,Student
Dr.Lisa,Turner,Female,06/08/1954,Faculty
Ashley,Burns,Female,02/12/2005,Student
Stephanie,Carter,Female,01/06/2005,Student
Dr.Tonya,Perez,Female,11/06/1958,Faculty
Bobby,Peters,Male,12/31/03,Student
Nicholas,Miller,Male,4/28/03,Student
Dr.Diana,Lang,Female,09/08/1974,Faculty
Dr.Larry,Craig,Male,3/21/63,Faculty
Robert,Mayo,Male,9/16/02,Student
Dr.Thomas,Jones,Male,09/01/1976,Faculty
Heather,Strong,Female,1/23/02,Student
Jacob,Williams,Male,9/15/00,Student
Meagan,Miller,Female,12/15/04,Student
Dr.Zachary,Reed,Male,3/16/75,Faculty
Kimberly,Collins,Female,4/14/04,Student
Kayla,Ramirez,Female,06/02/2004,Student
Jason,Mcclure,Male,8/13/01,Student
Leslie,Santiago,Female,12/14/01,Student
Joshua,Woodward,Male,8/23/01,Student
Brett,Kline,Male,10/19/03,Student
Sonia,Berry,Female,2/15/05,Student
Jill,Cook,Female,9/23/03,Student
Dr.Joel,Russell,Male,11/04/1984,Faculty
Christopher,Davis,Male,09/08/2001,Student
Carl,Kelley,Male,11/25/04,Student
Scott,Moore,Male,9/14/03,Student
Teresa,Leach,Female,2/15/01,Student
Monica,Smith,Female,2/28/02,Student
Timothy,Ochoa,Male,01/04/2001,Student
Jeremy,Gaines,Male,5/25/05,Student
Jason,Jacobs,Male,08/03/2002,Student
Dr.Danielle,Wilson,Female,12/23/57,Faculty
Jeffrey,Gilmore,Male,09/04/2003,Student
Elizabeth,Mueller,Female,5/30/03,Student
Kathryn,Caldwell,Female,7/19/05,Student
Dr.Stacey,Downs,Female,11/23/59,Faculty
Dr.Nicole,Rivera,Female,7/18/54,Faculty
Dr.Kathryn,Jimenez,Female,1/29/65,Faculty
Madeline,Carter,Female,04/09/2004,Student
Travis,White,Male,10/13/03,Student
Dr.Teresa,Dixon,Female,07/04/1961,Faculty
Daniel,Lewis,Male,8/16/03,Student
Joshua,Montgomery,Male,1/17/04,Student
Dr.Shannon,Harris,Female,2/27/84,Faculty
Regina,Campbell,Female,8/29/02,Student
Michael,Adams,Male,7/15/05,Student
Elizabeth,Bradley,Female,10/11/2002,Student
James,Holder,Male,9/30/00,Student
Danielle,Walker,Female,7/23/03,Student
Derek,Francis,Male,11/26/04,Student
Antonio,Gray,Male,04/02/2001,Student
Dr.Jennifer,Lee,Female,2/20/83,Faculty
Dakota,Smith,Male,11/17/04,Student
Matthew,Buck,Male,07/08/2002,Student
Samantha,Davis,Female,8/24/04,Student
Donald,Marshall,Male,8/27/01,Student
Ronald,Hoffman,Male,06/08/2001,Student
Nicholas,Wright,Male,05/05/2002,Student
Diane,Gardner,Female,5/15/03,Student
Dr.Kristen,Robinson,Female,6/14/74,Faculty
Matthew,Grimes,Male,5/18/04,Student
Dr.Laura,Walker,Female,12/26/86,Faculty
Jessica,Maldonado,Female,6/18/05,Student
Dawn,Allen,Female,4/14/05,Student
Ellen,Ellis,Female,06/06/2001,Student
Anthony,Rodriguez,Male,9/21/02,Student
Jessica,Glass,Female,8/27/04,Student
Stacy,Johnson,Female,10/13/04,Student
Lonnie,Garza,Male,3/13/05,Student
Amy,Best,Female,7/28/04,Student
Veronica,Fry,Female,06/10/2002,Student
Linda,Hurst,Female,05/10/2003,Student
Sharon,Griffin,Female,02/10/2004,Student
Susan,Garza,Female,12/26/03,Student
Brianna,Richardson,Female,7/26/05,Student
Billy,Sheppard,Male,5/31/02,Student
Kristine,Floyd,Female,2/13/04,Student
Christopher,Smith,Male,03/07/2003,Student
Julie,Owens,Female,4/20/04,Student
Micheal,Bishop,Male,10/31/03,Student
Sandy,Morrison,Female,1/28/03,Student
Dr.Adam,Stark,Male,6/18/81,Faculty
Christopher,Burch,Male,8/27/03,Student
Carolyn,Browning,Female,11/28/04,Student
Susan,Walsh,Female,10/31/01,Student
Dr.Jonathan,Holland,Male,5/21/78,Faculty
Richard,Wilkins,Male,9/20/03,Student
Dr.Duane,Jackson,Male,9/14/82,Faculty
Barbara,Taylor,Female,01/01/2005,Student
Kenneth,Chambers,Male,8/16/03,Student
Sarah,Campbell,Female,12/29/00,Student
Tina,Wallace,Female,10/21/04,Student
Dr.Michael,Ballard,Male,01/04/1963,Faculty
Dr.Joshua,Vincent,Male,10/27/85,Faculty
Geoffrey,Martin,Male,10/21/04,Student
Christy,Hodges,Female,03/05/2005,Student
Travis,Harvey,Male,4/26/02,Student
Dr.Wendy,Riley,Female,04/01/1965,Faculty
Brenda,Bridges,Female,7/15/05,Student
Dr.Anne,Lopez,Female,06/06/1987,Faculty
Dr.Karen,Torres,Female,3/28/87,Faculty
Erik,Williams,Male,12/16/03,Student
Matthew,Shaw,Male,1/13/02,Student
Aaron,Gilbert,Male,7/19/01,Student
Lori,Abbott,Female,8/13/04,Student
Nancy,Vasquez,Female,4/25/01,Student
Jane,Hudson,Female,08/12/2002,Student
Dr.Samantha,Larsen,Female,12/29/78,Faculty
Dr.Kelly,Berry,Female,4/28/60,Faculty
Thomas,Williams,Male,11/25/00,Student
Daniel,Yoder,Male,9/28/04,Student
Robin,Chapman,Female,03/05/2005,Student
Jonathan,Bailey,Male,12/29/00,Student
Andrea,Durham,Female,4/30/05,Student
William,Norman,Male,04/01/2003,Student
Andrew,Fuentes,Male,08/07/2001,Student
Jessica,Nichols,Female,5/26/03,Student
Richard,Martin,Male,2/17/02,Student
Denise,Rasmussen,Female,12/16/01,Student
Dr.Caroline,Ingram,Female,11/05/1974,Faculty
Nicholas,Chen,Male,01/12/2005,Student
Ryan,Martinez,Male,4/20/05,Student
Judy,Powell,Female,06/09/2001,Student
Dr.Karen,Barnes,Female,05/04/1963,Faculty
Stephanie,Graves,Female,11/01/2002,Student
Dr.Laurie,Delgado,Female,10/23/55,Faculty
Peter,Patterson,Male,10/02/2002,Student
Jonathan,Mclean,Male,10/22/03,Student
Brian,Burke,Male,12/08/2002,Student
Dr.Gregory,Bennett,Male,12/02/1972,Faculty
Jennifer,Conner,Female,07/05/2003,Student
Dennis,Marshall,Male,2/17/05,Student
Jonathan,Green,Male,01/03/2003,Student
Kayla,Soto,Female,10/27/01,Student
Sydney,Thomas,Female,7/17/05,Student
Robert,Reed,Male,02/07/2004,Student
Dawn,Simmons,Female,5/17/02,Student
Dr.Peter,Alexander,Male,6/24/60,Faculty
Dr.Patricia,Browning,Female,10/08/1984,Faculty
Lauren,Patterson,Female,1/28/04,Student
Dr.Daniel,Jimenez,Male,02/03/1967,Faculty
Wesley,Hayes,Male,4/24/02,Student
Christopher,Mccoy,Male,12/26/01,Student
James,Lopez,Male,05/07/2004,Student
Debra,Jackson,Female,9/17/03,Student
Amanda,Jones,Female,12/25/04,Student
Amanda,James,Female,05/04/2004,Student
April,Smith,Female,02/12/2003,Student
Chloe,Hines,Female,1/25/04,Student
Dr.Sarah,Dawson,Female,6/29/55,Faculty
George,Jarvis,Male,5/17/01,Student
Sherry,Arnold,Female,8/15/02,Student
Bryan,Dixon,Male,01/12/2001,Student
Dr.Aaron,Scott,Male,04/03/1988,Faculty
Daniel,Christian,Male,3/17/02,Student
Jake,Stewart,Male,11/28/00,Student
Cindy,Stephenson,Female,9/29/01,Student
Joseph,Le,Male,11/10/2003,Student
Claudia,Thompson,Female,01/06/2002,Student
Dr.Kathleen,Gentry,Female,12/13/80,Faculty
Wendy,Fuller,Female,11/03/2004,Student
Sandra,Grant,Female,5/23/02,Student
Bruce,Williams,Male,12/01/2000,Student
William,Contreras,Male,7/30/05,Student
Rebekah,Johnson,Female,9/22/00,Student
Jennifer,Jackson,Female,11/02/2002,Student
Jordan,Gonzales,Female,3/18/04,Student
Dr.Michael,Rich,Male,8/17/73,Faculty
Daniel,White,Male,2/21/01,Student
Dr.Michael,Chandler,Male,7/17/65,Faculty
Dr.Amanda,Hall,Female,2/27/78,Faculty
Betty,Jennings,Female,9/16/00,Student
Dr.Randall,Chase,Male,1/18/78,Faculty
Ashlee,Barnett,Female,07/05/2001,Student
Adam,Wells,Male,4/26/03,Student
Linda,Estrada,Female,3/15/04,Student
Craig,Smith,Male,08/01/2003,Student
Phillip,Bradley,Male,1/24/03,Student
Charles,Serrano,Male,8/31/03,Student
John,White,Male,10/03/2004,Student
Yvonne,Riggs,Female,06/12/2005,Student
Deborah,Hayes,Female,4/23/04,Student
Mark,Holder,Male,1/30/04,Student
Cynthia,Cummings,Female,7/20/01,Student
Dr.Tara,Short,Female,7/17/60,Faculty
Joseph,Young,Male,9/19/04,Student
Diana,Gallegos,Female,5/22/01,Student
Mark,Snyder,Male,04/07/2002,Student
Elizabeth,Davidson,Female,9/19/00,Student
Evan,Young,Male,02/10/2005,Student
Madeline,Quinn,Female,3/24/03,Student
Kelly,Mooney,Female,10/16/04,Student
Charlene,Combs,Female,4/15/05,Student
Gregory,Matthews,Male,03/12/2001,Student
Dr.Nathaniel,Morgan,Male,12/13/80,Faculty
Andrea,Dalton,Female,04/03/2005,Student
Timothy,Bradford,Male,05/08/2003,Student
Suzanne,Mitchell,Female,12/13/02,Student
Dr.Kara,Richardson,Female,03/09/1981,Faculty
Shirley,Patterson,Female,3/30/02,Student
Dr.Brian,Woods,Male,3/22/71,Faculty
Janice,Mcpherson,Female,5/17/04,Student
Dr.Molly,Garza,Female,4/20/73,Faculty
Matthew,Calderon,Male,5/24/05,Student
Evan,Steele,Male,04/10/2005,Student
Emily,Brown,Female,07/07/2003,Student
Nichole,Stark,Female,12/12/2002,Student
Travis,Rose,Male,4/16/04,Student
Lori,Schneider,Female,03/03/2005,Student
Dr.Stephanie,Gamble,Female,12/19/73,Faculty
Dr.William,Benjamin,Male,7/26/63,Faculty
Patrick,Dunn,Male,05/05/2005,Student
Dr.Carolyn,Peters,Female,07/04/1982,Faculty
Dr.Richard,Clements,Male,12/31/55,Faculty
Michael,Baldwin,Male,12/04/2000,Student
Catherine,Wolf,Female,11/26/03,Student
Melissa,Sparks,Female,7/20/04,Student
William,Frederick,Male,03/11/2005,Student
Jessica,Wood,Female,03/01/2001,Student
John,Terry,Male,6/18/04,Student
Kendra,Buckley,Female,07/11/2001,Student
Joshua,Williams,Male,06/10/2002,Student
Laura,Singleton,Female,3/21/02,Student
Amber,Arias,Female,10/23/02,Student
Tiffany,Gardner,Female,3/29/02,Student
Erin,Hunter,Female,10/29/03,Student
Shannon,Lewis,Female,08/12/2000,Student
Micheal,Patterson,Male,10/15/00,Student
Dr.Luis,Russell,Male,08/10/1985,Faculty
Dr.Suzanne,Rodgers,Female,10/01/1966,Faculty
Craig,Delgado,Male,07/03/2001,Student
Amanda,Russell,Female,01/06/2001,Student
Darin,Brown,Male,11/29/02,Student
Sharon,Burton,Female,8/13/02,Student
Lori,Burns,Female,07/09/2005,Student
Mary,Moore,Female,02/10/2001,Student
Jonathan,Richardson,Male,12/31/01,Student
Karen,Kelley,Female,10/10/2000,Student
Ryan,Lee,Male,9/19/00,Student
Cody,Alexander,Male,9/24/01,Student
Dr.Gregory,Black,Male,7/28/82,Faculty
Christina,Smith,Female,06/12/2004,Student
Ryan,Johnson,Male,10/02/2004,Student
Matthew,Lamb,Male,6/22/02,Student
William,Hudson,Male,01/06/2005,Student
Sharon,Johnson,Female,3/15/01,Student
Tracy,Schmidt,Female,07/05/2005,Student
William,Gomez,Male,02/10/2004,Student
Chelsea,Campos,Female,7/14/05,Student
Dr.Richard,Rodriguez,Male,02/04/1958,Faculty
Robert,Clark,Male,04/02/2004,Student
Dr.Olivia,Lee,Female,10/22/54,Faculty
Jacob,Bowman,Male,6/17/03,Student
Holly,Patel,Female,8/23/04,Student
Louis,Anderson,Male,8/20/04,Student
David,Castro,Male,5/13/01,Student
Angela,Chen,Female,6/17/02,Student
Jennifer,Edwards,Female,02/08/2005,Student
Samantha,Benson,Female,7/25/04,Student
Kyle,Thomas,Male,01/05/2001,Student
Olivia,Grant,Female,1/20/03,Student
Katherine,Robinson,Female,11/02/2003,Student
Martin,Daniel,Male,11/06/2004,Student
Courtney,King,Female,10/08/2001,Student
Brian,Wood,Male,10/16/00,Student
James,Reynolds,Male,10/03/2003,Student
Brian,Crawford,Male,5/13/03,Student
Samantha,Boyer,Female,1/20/03,Student
Jessica,Mills,Female,8/23/00,Student
Dr.Tracy,Williams,Female,1/15/77,Faculty
Dr.Dana,Hahn,Female,08/11/1969,Faculty
Dr.Danny,Gonzalez,Male,5/21/57,Faculty
Matthew,Cruz,Male,4/24/05,Student
Jason,Small,Male,03/07/2002,Student
Dave,Vasquez,Male,6/13/02,Student
Dr.Monique,Smith,Female,10/14/80,Faculty
Lindsay,Mcclain,Female,04/08/2002,Student
Thomas,Chaney,Male,02/03/2002,Student
Dr.Veronica,Jones,Female,7/31/81,Faculty
Dr.Daniel,Olson,Male,01/04/1972,Faculty
Jamie,Simpson,Female,7/22/05,Student
Nancy,Williams,Female,5/23/02,Student
Rebecca,Le,Female,07/05/2004,Student
Dr.Marc,Nguyen,Male,04/07/1955,Faculty
David,Knox,Male,04/02/2005,Student
Linda,Cross,Female,01/06/2001,Student
Alexandra,Villa,Female,9/16/04,Student
Roy,Thomas,Male,2/20/05,Student
Daniel,Dennis,Male,09/05/2002,Student
Kevin,Johnson,Male,04/10/2002,Student
Dr.Jennifer,Decker,Female,11/28/82,Faculty
Kimberly,Glover,Female,7/16/05,Student
Lindsay,Owens,Female,5/17/05,Student
Kayla,Garcia,Female,8/15/00,Student
Juan,Atkinson,Male,11/15/04,Student
Megan,Jenkins,Female,5/21/05,Student
Dr.Hunter,Brown,Male,8/14/74,Faculty
Brandon,Bailey,Male,9/22/01,Student
Susan,Morris,Female,08/10/2000,Student
Crystal,Moore,Female,4/13/05,Student
Dennis,Fox,Male,12/10/2004,Student
Linda,Ortega,Female,5/23/03,Student
Dr.Brenda,Fisher,Female,11/07/1968,Faculty
Alexandra,Hernandez,Female,1/25/01,Student
Dr.Natalie,Stewart,Female,7/21/71,Faculty
Dr.Kelly,Morgan,Female,12/21/71,Faculty
Chloe,Thornton,Female,4/26/05,Student
Kenneth,Walker,Male,10/15/04,Student
Keith,Gonzalez,Male,12/20/01,Student
Heather,Jackson,Female,12/08/2001,Student
Sean,Parks,Male,12/22/01,Student
Dr.Justin,Davis,Male,08/12/1974,Faculty
Tina,Hansen,Female,12/06/2002,Student
Dr.Kenneth,Ayala,Male,02/02/1988,Faculty
Dr.Gregory,Powers,Male,9/14/57,Faculty
David,Mathis,Male,11/01/2003,Student
Antonio,Collins,Male,1/19/01,Student
Lisa,Gardner,Female,12/05/2003,Student
Sonya,Dickson,Female,12/04/2002,Student
Tammy,Atkinson,Female,3/14/05,Student
Christine,Levine,Female,01/04/2004,Student
Brandy,Turner,Female,05/06/2002,Student
Eugene,Kim,Male,1/27/04,Student
Amber,Lane,Female,6/28/04,Student
Dr.Garrett,Lewis,Male,8/26/57,Faculty
Lynn,Lynch,Female,8/20/01,Student
Miranda,Bailey,Female,6/25/04,Student
Dr.Nicole,Bailey,Female,02/12/1967,Faculty
Dr.Shannon,Marshall,Female,10/02/1966,Faculty
Sara,Charles,Female,6/13/02,Student
Timothy,Graham,Male,3/16/01,Student
Karen,Wells,Female,12/27/02,Student
Christine,Craig,Female,8/19/04,Student
Kristen,Shelton,Female,8/23/02,Student
John,Duncan,Male,10/07/2004,Student
Valerie,Holmes,Female,6/27/05,Student
Samantha,Armstrong,Female,11/07/2000,Student
Matthew,Barnett,Male,3/26/03,Student
Danielle,Summers,Female,02/02/2001,Student
Cynthia,Watson,Female,1/17/01,Student
Lynn,Gutierrez,Female,7/17/02,Student
Dr.Mark,Simpson,Male,01/06/1986,Faculty
Dr.Cynthia,Cisneros,Female,09/05/1962,Faculty
Dr.Marie,Yang,Female,08/01/1973,Faculty
Dr.Anthony,Small,Male,03/06/1987,Faculty
Mary,Powell,Female,11/07/2002,Student
Ruth,Rivera,Female,10/26/00,Student
Sara,Lewis,Female,7/23/05,Student
Rebecca,Stewart,Female,8/19/03,Student
Thomas,Fitzpatrick,Male,7/25/05,Student
Danielle,Jones,Female,06/11/2001,Student
Dr.Franklin,Webb,Male,12/13/73,Faculty
Matthew,Morris,Male,11/15/01,Student
Blake,Alexander,Male,01/10/2002,Student
Melanie,Cummings,Female,09/08/2004,Student
Tracy,Clark,Female,03/09/2001,Student
Dr.Amber,Hudson,Female,1/25/55,Faculty
Brian,Greer,Male,08/10/2000,Student
Zachary,Young,Male,5/19/01,Student
Dr.Donald,Richardson,Male,6/23/67,Faculty
Benjamin,Green,Male,02/02/2004,Student
Rebecca,Price,Female,11/24/01,Student
Mark,Marshall,Male,07/05/2002,Student
Jeffrey,Carroll,Male,2/20/05,Student
Larry,Liu,Male,11/10/2000,Student
James,Swanson,Male,5/22/04,Student
Tiffany,Nguyen,Female,3/16/04,Student
Dr.Amy,Holden,Female,04/05/1989,Faculty
David,Jones,Male,02/06/2004,Student
Laura,Gonzalez,Female,9/25/04,Student
Jesus,Meyer,Male,11/20/04,Student
April,Torres,Female,10/27/03,Student
Dr.Samantha,Mason,Female,06/04/1970,Faculty
Dr.Robert,Lewis,Male,9/22/64,Faculty
Carly,Shepard,Female,5/22/01,Student
Dr.Robert,Austin,Male,10/18/53,Faculty
Hayden,Hatfield,Male,5/24/05,Student
Marc,Robertson,Male,06/07/2002,Student
Anna,Hoffman,Female,8/16/04,Student
Manuel,Clarke,Male,2/14/04,Student
Sherri,Singh,Female,04/01/2005,Student
Mark,Reese,Male,1/30/03,Student
Carol,Robinson,Female,5/23/04,Student
Dr.Tracy,White,Female,09/12/1988,Faculty
Dr.Patricia,Taylor,Female,2/24/74,Faculty
Amanda,Coleman,Female,1/25/05,Student
Dr.Michael,Lewis,Male,6/20/80,Faculty
Dr.Stacy,Williams,Female,11/03/1973,Faculty
Rebecca,Lewis,Female,8/15/03,Student
Brian,Gonzalez,Male,6/21/04,Student
Dr.Michael,Lambert,Male,10/09/1987,Faculty
Matthew,Perez,Male,6/30/05,Student
Dr.Joanne,Jones,Female,2/16/74,Faculty
Christopher,Brown,Male,7/17/05,Student
Christina,Mcintosh,Female,1/31/01,Student
Ruben,Barnes,Male,04/10/2005,Student
Dr.Andrew,White,Male,3/14/85,Faculty
Alice,Allen,Female,3/29/02,Student
Sarah,Rojas,Female,12/20/02,Student
Luke,Willis,Male,11/06/2000,Student
Dr.Kristen,Brown,Female,09/09/1979,Faculty
Bonnie,Henry,Female,7/21/04,Student
Brandy,Carter,Female,11/10/2001,Student
Kevin,Richardson,Male,3/23/02,Student
Dr.Elaine,Castillo,Female,12/25/84,Faculty
James,Stanley,Male,06/04/2003,Student
Curtis,Hogan,Male,12/11/2004,Student
Dr.Justin,Thompson,Male,01/03/1981,Faculty
Jim,Hopkins,Male,12/15/02,Student
Nicole,Calhoun,Female,3/18/02,Student
Jasmine,Khan,Female,9/18/04,Student
Amy,Meadows,Female,1/17/01,Student
Dr.William,Reid,Male,8/17/80,Faculty
Laurie,Wood,Female,05/06/2004,Student
Christopher,Barnett,Male,1/20/04,Student
James,Graves,Male,2/17/02,Student
Nicholas,Richardson,Male,2/19/01,Student
Collin,Salinas,Male,08/04/2004,Student
Michael,Bradley,Male,11/24/01,Student
Joanna,Butler,Female,4/28/01,Student
Jacob,Meyers,Male,7/26/02,Student
Kristine,Contreras,Female,1/28/04,Student
Linda,Lee,Female,07/08/2005,Student
Aaron,Morgan,Male,03/09/2002,Student
Lindsey,Gonzalez,Female,2/15/03,Student
Dr.David,Davis,Male,1/21/60,Faculty
Robert,Pena,Male,1/25/02,Student
Hannah,Mccullough,Female,10/30/03,Student
Stephen,Zuniga,Male,10/30/01,Student
James,Brown,Male,4/13/01,Student
Thomas,Boyd,Male,05/08/2002,Student
Melissa,Maxwell,Female,12/15/01,Student
Teresa,Brown,Female,1/13/02,Student
Dr.Heather,Myers,Female,4/15/77,Faculty
Thomas,Lloyd,Male,09/03/2004,Student
Steven,George,Male,1/19/05,Student
Paul,Brown,Male,2/16/04,Student
Derek,Hines,Male,8/27/04,Student
Sally,Hubbard,Female,5/29/02,Student
Dr.Ann,Howell,Female,12/19/57,Faculty
Angela,Ramos,Female,10/25/00,Student
Deanna,Mcpherson,Female,5/26/03,Student
Robert,Mayer,Male,06/11/2003,Student
Jesse,Moore,Male,12/03/2000,Student
Andrew,White,Male,08/06/2003,Student
Dr.Tammy,Young,Female,11/19/76,Faculty
Dustin,Clark,Male,05/11/2004,Student
Kathy,Espinoza,Female,8/31/02,Student
Dr.Larry,Washington,Male,12/12/1962,Faculty
Vicki,Schwartz,Female,4/16/02,Student
Meghan,Garcia,Female,6/17/05,Student
Jeanne,Porter,Female,4/26/02,Student
Colton,Kemp,Male,04/02/2001,Student
Dr.Erin,Martinez,Female,8/22/77,Faculty
Monique,Ingram,Female,9/29/02,Student
Christopher,Gray,Male,12/01/2001,Student
Julie,Howard,Female,7/19/05,Student
Ronnie,Cox,Male,7/22/05,Student
Dr.Katherine,Perry,Female,5/23/81,Faculty
Christina,Robinson,Female,11/21/00,Student
Dr.Michelle,West,Female,6/28/74,Faculty
Dr.Angelica,Monroe,Female,12/23/74,Faculty
Susan,Thompson,Female,03/07/2003,Student
Barbara,Weeks,Female,4/20/03,Student
Kent,Hall,Male,8/14/00,Student
Timothy,Roberts,Male,8/26/04,Student
Michelle,Harrison,Female,7/21/02,Student
Duane,Robertson,Male,8/23/00,Student
Scott,Johnson,Male,11/11/2002,Student
Kelly,Church,Female,7/28/01,Student
Melissa,Wilkins,Female,5/14/05,Student
Jasmine,Mckinney,Female,8/21/01,Student
Ashley,Thompson,Female,05/02/2002,Student
Dr.Angela,Allen,Female,8/29/67,Faculty
Chad,Stark,Male,09/04/2004,Student
Ernest,Lambert,Male,10/02/2003,Student
Dr.Marie,Reynolds,Female,04/02/1964,Faculty
John,Smith,Male,10/06/2002,Student
Dr.Rebecca,Beasley,Female,11/01/1958,Faculty
Jessica,Hernandez,Female,09/07/2000,Student
Dr.Joseph,Romero,Male,9/23/68,Faculty
Rhonda,Perry,Female,12/01/2003,Student
Stephanie,Blake,Female,07/12/2003,Student
Michael,Lowe,Male,10/12/2004,Student
Justin,Simpson,Male,6/30/04,Student
James,Patel,Male,2/25/03,Student
Jeanette,Nelson,Female,5/19/02,Student
Jenna,Wood,Female,06/10/2003,Student
Eric,Potts,Male,5/26/01,Student
Laura,Jordan,Female,8/13/04,Student
Dr.Charles,Adkins,Male,10/16/63,Faculty
Nicole,Ortiz,Female,8/28/03,Student
Christopher,Mccormick,Male,7/25/02,Student
Tracy,Perez,Female,11/03/2002,Student
Alexander,Gross,Male,01/05/2005,Student
Casey,Odonnell,Male,12/08/2003,Student
Dr.Joel,Thompson,Male,2/13/76,Faculty
Amy,Guzman,Female,1/23/03,Student
Rebecca,Ellis,Female,12/15/01,Student
William,Sullivan,Male,3/15/03,Student
Jason,Smith,Male,07/05/2001,Student
Caitlyn,Banks,Female,6/21/02,Student
Dr.Brandon,Pena,Male,1/20/59,Faculty
James,Taylor,Male,02/10/2004,Student
Dr.Abigail,Rodriguez,Female,8/13/74,Faculty
Kyle,Rodriguez,Male,4/24/02,Student
Garrett,Johnson,Male,7/30/03,Student
Laurie,Rios,Female,12/20/01,Student
Amanda,Mcguire,Female,10/10/2001,Student
Dr.Joseph,Palmer,Male,2/25/73,Faculty
Sierra,Salinas,Female,03/08/2002,Student
Felicia,Fernandez,Female,2/24/02,Student
Dr.Brandy,Summers,Female,11/15/80,Faculty
Dr.Jason,Bruce,Male,04/06/1976,Faculty
Colin,Conley,Male,3/21/03,Student
Janet,Rojas,Female,11/29/03,Student
Russell,Berry,Male,11/23/00,Student
David,Wood,Male,1/20/05,Student
Dr.Peter,Cortez,Male,01/10/1959,Faculty
Ruth,Anthony,Female,03/03/2004,Student
Mary,Parker,Female,07/09/2003,Student
Jay,Lopez,Male,12/22/00,Student
Victoria,Stephens,Female,7/14/05,Student
John,Crawford,Male,06/05/2002,Student
Jeffrey,Roberson,Male,1/20/04,Student
Dr.Jason,Mitchell,Male,10/12/1975,Faculty
Jared,Allen,Male,5/21/03,Student
Tammy,Walker,Female,11/17/02,Student
Dr.Brian,Gaines,Male,7/19/87,Faculty
Mary,Fernandez,Female,11/13/00,Student
Monica,Guzman,Female,03/08/2005,Student
Dr.Lonnie,Rivera,Male,06/12/1975,Faculty
Dr.James,Smith,Male,1/26/60,Faculty
Jo,Williams,Female,09/07/2000,Student
John,David,Male,5/18/03,Student
Dawn,Robinson,Female,10/28/00,Student
Dustin,Holloway,Male,11/08/2003,Student
Christopher,Robertson,Male,11/12/2004,Student
Craig,Hamilton,Male,02/01/2001,Student
Timothy,Smith,Male,06/08/2003,Student
Charles,Campbell,Male,08/07/2001,Student
William,Martinez,Male,12/20/00,Student
Dr.Daniel,Lang,Male,5/26/54,Faculty
Kara,Thomas,Female,05/12/2005,Student
Brian,Goodwin,Male,02/04/2003,Student
Jennifer,White,Female,3/20/02,Student
Brenda,Hansen,Female,03/02/2001,Student
Karen,Taylor,Female,10/13/00,Student
James,Santos,Male,12/13/01,Student
Kendra,Brown,Female,12/22/03,Student
Dr.Lisa,Hooper,Female,12/20/82,Faculty
Jaime,Stephenson,Female,3/25/03,Student
Cheryl,Morton,Female,1/22/05,Student
Dr.Alicia,Pena,Female,1/13/80,Faculty
Holly,Buck,Female,11/20/00,Student
Mike,Castro,Male,01/11/2003,Student
Jason,Young,Male,03/09/2004,Student
Dr.Casey,Patterson,Female,04/01/1969,Faculty
Courtney,Robinson,Female,4/29/01,Student
Patricia,Williams,Female,12/09/2003,Student
Shelly,Rodgers,Female,04/04/2001,Student
Christopher,Johnson,Male,6/27/04,Student
Kayla,Morris,Female,10/22/00,Student
Trevor,Robinson,Male,7/21/02,Student
Dr.Ashley,Robinson,Female,1/26/62,Faculty
Mark,Torres,Male,10/20/04,Student
Erin,Weber,Female,07/09/2005,Student
Mary,Wallace,Female,2/19/05,Student
Dr.Patrick,Allen,Male,04/09/1982,Faculty
Jacob,Frey,Male,05/06/2005,Student
Jacob,Ferguson,Male,12/18/02,Student
Megan,Griffin,Female,03/03/2001,Student
Dr.Cody,Williamson,Male,06/06/1971,Faculty
Kevin,Solis,Male,2/18/01,Student
Dr.Tiffany,Fox,Female,7/27/61,Faculty
Rebecca,King,Female,12/11/2001,Student
Dr.Samantha,Riggs,Female,07/04/1973,Faculty
Sarah,Mcclain,Female,4/25/04,Student
Nicole,Lee,Female,9/27/01,Student
Tyler,Ortiz,Male,2/13/01,Student
Jennifer,Bowman,Female,12/05/2003,Student
Melissa,Garcia,Female,02/09/2002,Student
David,Sosa,Male,01/04/2002,Student
Hannah,Ortiz,Female,04/11/2001,Student
Jeffrey,Wade,Male,02/02/2001,Student
Alexander,Petty,Male,06/01/2001,Student
Jason,Martin,Male,02/04/2001,Student
Brian,Pennington,Male,1/15/03,Student
Carrie,Stephens,Female,08/11/2001,Student
Anne,Turner,Female,4/24/03,Student
Dr.Christian,Jacobs,Male,9/20/60,Faculty
Dr.Megan,Castro,Female,09/01/1987,Faculty
Jacob,Cherry,Male,05/05/2001,Student
Dana,Caldwell,Female,8/19/00,Student
Jesse,Mcdonald,Male,05/11/2003,Student
Martin,Wiggins,Male,05/11/2002,Student
Dr.Randy,Fisher,Male,1/13/66,Faculty
Dr.Stephanie,Nichols,Female,12/04/1953,Faculty
Kathleen,Brewer,Female,3/30/01,Student
Heather,Sullivan,Female,2/16/04,Student
Tiffany,Salazar,Female,6/19/01,Student
Dr.Eric,Hunter,Male,5/23/74,Faculty
Jessica,Sullivan,Female,03/06/2004,Student
Robert,Silva,Male,07/09/2005,Student
Diane,Powell,Female,01/09/2005,Student
Abigail,Patrick,Female,11/17/04,Student
Catherine,Wyatt,Female,6/30/03,Student
Gregory,Skinner,Male,12/23/03,Student
Rachel,Jacobs,Female,07/05/2005,Student
Sylvia,Avila,Female,09/08/2004,Student
Courtney,Medina,Female,5/19/02,Student
Stephanie,Hansen,Female,3/16/05,Student
Dr.Carlos,Gutierrez,Male,2/17/69,Faculty
Emily,Tucker,Female,2/15/03,Student
Tiffany,Parsons,Female,11/19/01,Student
Zachary,Sampson,Male,11/01/2004,Student
Kelly,Meyers,Female,3/14/02,Student
Eric,Mueller,Male,12/10/2000,Student
Larry,Ford,Male,9/25/00,Student
Richard,Turner,Male,2/17/02,Student
Ralph,Hall,Male,5/24/03,Student
Bryan,Santiago,Male,3/17/02,Student
Randall,Jackson,Male,01/10/2002,Student
Michael,Hernandez,Male,03/11/2005,Student
Dr.Emily,Hahn,Female,6/21/56,Faculty
Sandra,King,Female,08/11/2003,Student
Hannah,Nixon,Female,08/04/2004,Student
Jennifer,Tucker,Female,6/24/02,Student
William,Wood,Male,7/15/01,Student
Dr.Ashley,Williams,Female,12/12/1984,Faculty
Brenda,Arellano,Female,11/03/2000,Student
Stephanie,Gregory,Female,06/07/2001,Student
Dr.Rebecca,Collins,Female,06/05/1980,Faculty
Thomas,Allen,Male,10/23/04,Student
Anthony,Mcknight,Male,3/21/02,Student
Dr.Karen,Morris,Female,12/20/73,Faculty
Stephen,Webb,Male,08/09/2003,Student
Thomas,Mejia,Male,06/10/2001,Student
Dr.Matthew,Patterson,Male,07/03/1962,Faculty
Amanda,Vaughn,Female,12/21/00,Student
John,Mccann,Male,10/18/00,Student
Jacob,House,Male,12/15/01,Student
Todd,Baker,Male,2/24/02,Student
Sean,Fuller,Male,04/09/2005,Student
Dr.Brenda,Clark,Female,02/08/1965,Faculty
Timothy,Phillips,Male,04/06/2003,Student
Stephen,Garrett,Male,3/25/01,Student
Sheila,Chang,Female,1/29/03,Student
Dr.Nicole,Huang,Female,6/16/69,Faculty
Selena,Carney,Female,9/21/01,Student
Dr.Donna,Johnson,Female,9/17/80,Faculty
Hannah,Arroyo,Female,5/25/03,Student
Robert,Cook,Male,9/20/00,Student
Scott,Rice,Male,10/06/2000,Student
Rachel,Ewing,Female,11/23/01,Student
Sierra,Gray,Female,7/22/05,Student
Maureen,Richardson,Female,12/04/2001,Student
Craig,Erickson,Male,6/13/01,Student
Judy,Todd,Female,03/02/2005,Student
Christopher,Lyons,Male,9/20/04,Student
Megan,Smith,Female,4/14/03,Student
Jessica,Flores,Female,11/03/2003,Student
Laura,Harper,Female,01/05/2005,Student
Gary,Martinez,Male,10/05/2001,Student
Dr.Megan,Joseph,Female,10/29/69,Faculty
Beth,Payne,Female,09/12/2003,Student
Dr.Nicholas,Allen,Male,12/26/86,Faculty
Molly,Montoya,Female,09/05/2003,Student
Karen,Melton,Female,12/01/2004,Student
Adam,Johnson,Male,7/18/02,Student
Arthur,Nguyen,Male,02/06/2004,Student
Derek,Daniel,Male,5/21/04,Student
Brianna,Sharp,Female,10/15/02,Student
Donald,Vargas,Male,01/03/2001,Student
Andrew,Alexander,Male,10/21/01,Student
Gary,Sullivan,Male,11/11/2001,Student
Dr.Valerie,Atkins,Female,7/21/82,Faculty
Kristin,Moran,Female,8/27/03,Student
Lori,Mccoy,Female,7/22/05,Student
Ashley,Aguilar,Female,11/11/2001,Student
Carolyn,Smith,Female,04/09/2001,Student
Elizabeth,Moreno,Female,7/29/03,Student
Dr.Amy,Miller,Female,4/29/84,Faculty
James,Martin,Male,03/04/2003,Student
Anna,Burton,Female,09/09/2000,Student
Jessica,Tran,Female,10/13/01,Student
Mark,Gray,Male,2/27/01,Student
Calvin,Mathews,Male,6/30/04,Student
Matthew,Thomas,Male,04/12/2005,Student
Joshua,Medina,Male,3/21/04,Student
Jeffrey,Adkins,Male,05/11/2005,Student
Heather,Young,Female,04/10/2003,Student
Kathleen,Garcia,Female,05/07/2004,Student
Jeffrey,Meadows,Male,6/22/04,Student
Mark,Reed,Male,4/18/05,Student
Crystal,Macdonald,Female,05/07/2004,Student
Laura,Bates,Female,6/22/04,Student
David,Shaw,Male,07/04/2003,Student
Emily,Parker,Female,07/05/2002,Student
Stephanie,Dunn,Female,10/29/02,Student
Sandra,Nelson,Female,8/22/03,Student
Kyle,Scott,Male,02/07/2004,Student
Kelsey,Mason,Female,4/13/04,Student
Amanda,Green,Female,4/26/01,Student
Henry,Patterson,Male,7/17/03,Student
Alice,Copeland,Female,7/21/04,Student
Todd,Brown,Male,7/25/02,Student
Elizabeth,Flowers,Female,9/24/00,Student
Derek,Arnold,Male,06/12/2003,Student
Angel,Bradley,Female,8/20/00,Student
Ronald,Hebert,Male,12/27/02,Student
Matthew,Hudson,Male,6/21/03,Student
Dr.Shawn,Lowe,Male,6/13/67,Faculty
Dr.Crystal,Gilmore,Female,8/15/69,Faculty
Kenneth,Allen,Male,2/28/01,Student
Gerald,Taylor,Male,6/16/05,Student
Gwendolyn,Reynolds,Female,02/12/2002,Student
Juan,Cooper,Male,10/01/2000,Student
Angela,Shea,Female,7/18/04,Student
Dr.Brittany,Bowen,Female,10/22/81,Faculty
Dr.Richard,Woods,Male,7/16/69,Faculty
Dr.Jennifer,Ballard,Female,12/24/76,Faculty
Charles,Myers,Male,03/04/2004,Student
Adam,Norman,Male,08/09/2002,Student
Kayla,Griffin,Female,10/04/2000,Student
Jonathan,Watkins,Male,2/17/04,Student
Leah,Ryan,Female,11/11/2001,Student
Adrienne,Martinez,Female,07/09/2001,Student
Dr.Leah,Lee,Female,8/27/77,Faculty
Denise,Dyer,Female,1/23/03,Student
Dr.Jon,Cruz,Male,11/22/88,Faculty
Dr.Leslie,Knight,Female,12/21/58,Faculty
Susan,Robinson,Female,8/27/00,Student
Molly,Sanford,Female,01/09/2005,Student
Patricia,Wright,Female,04/09/2001,Student
David,Morales,Male,5/27/04,Student
Jacob,Blevins,Male,10/04/2000,Student
Gregory,Coleman,Male,6/27/05,Student
Mary,Day,Female,06/05/2003,Student
Dr.Matthew,Brown,Male,1/14/68,Faculty
Martha,Hernandez,Female,6/27/05,Student
Dr.Michelle,May,Female,5/17/81,Faculty
Ashley,Jenkins,Female,11/30/00,Student
Kevin,Jones,Male,01/02/2003,Student
Scott,Costa,Male,01/03/2003,Student
Jeremy,Jones,Male,10/30/03,Student
Julian,Frazier,Male,02/06/2003,Student
David,Jordan,Male,7/24/03,Student
Kenneth,Ross,Male,06/06/2001,Student
Douglas,Garcia,Male,02/07/2002,Student
David,Robinson,Male,7/29/04,Student
Virginia,Johnson,Female,02/07/2002,Student
Russell,Nguyen,Male,11/10/2004,Student
Melissa,Mitchell,Female,2/13/02,Student
Joshua,Durham,Male,12/23/04,Student
Dr.Thomas,Lopez,Male,5/30/81,Faculty
Thomas,Ramsey,Male,6/30/04,Student
Janet,Evans,Female,11/21/01,Student
Teresa,Gibson,Female,2/27/04,Student
Dr.Stephen,Peterson,Male,07/09/1977,Faculty
Kimberly,Mason,Female,7/24/01,Student
Devin,Waters,Male,05/02/2005,Student
Anne,Garcia,Female,7/14/01,Student
Steven,Robertson,Male,01/06/2004,Student
Dr.Ashley,Long,Female,10/20/56,Faculty
Caleb,Smith,Male,04/02/2001,Student
Carol,Jones,Female,2/16/04,Student
Tamara,Travis,Female,03/01/2002,Student
William,Kemp,Male,2/18/04,Student
Ashley,Brown,Female,5/16/01,Student
Alex,Mendez,Male,04/02/2001,Student
Dr.Arthur,Murphy,Male,3/25/60,Faculty
David,Smith,Male,07/06/2003,Student
Brett,Lee,Male,4/18/04,Student
Carolyn,Sherman,Female,2/13/02,Student
Kristine,Palmer,Female,1/14/01,Student
Vincent,Gonzalez,Male,8/26/04,Student
Dr.Christian,Garcia,Male,09/01/1963,Faculty
Nathan,Powell,Male,5/23/04,Student
Christina,Lloyd,Female,05/01/2002,Student
Karen,Stewart,Female,06/07/2004,Student
Dr.Danielle,Mathews,Female,6/21/55,Faculty
Rebecca,Edwards,Female,6/17/03,Student
Elizabeth,Adams,Female,01/04/2001,Student
Joseph,Smith,Male,2/13/01,Student
Dr.Sandra,Nicholson,Female,3/26/58,Faculty
Cody,Wallace,Male,8/27/01,Student
Dr.Ricky,Lynch,Male,04/05/1962,Faculty
Kim,Romero,Female,2/18/02,Student
Amanda,Moore,Female,3/19/03,Student
Melinda,Jones,Female,01/07/2002,Student
Shannon,Gonzalez,Female,09/03/2004,Student
Jamie,Wright,Female,3/28/02,Student
Amber,Brown,Female,01/05/2003,Student
Dr.Terry,Martinez,Male,2/26/75,Faculty
Teresa,Washington,Female,12/01/2004,Student
Karen,Diaz,Female,4/19/05,Student
Kayla,Johnston,Female,12/02/2000,Student
Amanda,Diaz,Female,5/18/03,Student
Dr.Jacob,Martin,Male,10/26/63,Faculty
Todd,Parker,Male,02/09/2002,Student
Michael,Brown,Male,07/08/2004,Student
Lacey,Weiss,Female,01/02/2005,Student
Jill,Jensen,Female,01/02/2005,Student
Patricia,Mcdaniel,Female,02/11/2003,Student
Elizabeth,Bush,Female,12/07/2002,Student
Derek,Garcia,Male,5/21/01,Student
Carol,Lopez,Female,8/29/00,Student
April,Le,Female,02/05/2001,Student
Eric,Rodgers,Male,08/05/2000,Student
Jerome,Smith,Male,12/24/04,Student
Denise,Duffy,Female,7/24/05,Student
Dr.Allen,Ball,Male,6/26/83,Faculty
Jonathan,Bishop,Male,06/07/2005,Student
Thomas,Cruz,Male,11/23/03,Student
Jaime,Allison,Male,08/02/2001,Student
Charles,Rodriguez,Male,05/09/2004,Student
Carrie,Moody,Female,7/25/04,Student
Maria,Williams,Female,12/08/2002,Student
Brian,Bruce,Male,4/20/02,Student
Dr.Christian,Brown,Male,11/22/60,Faculty
Sergio,Terry,Male,08/11/2002,Student
Dr.Thomas,Ortiz,Male,3/15/59,Faculty
Ricky,Nelson,Male,07/11/2003,Student
Stephanie,Mathews,Female,10/06/2000,Student
David,Atkinson,Male,07/06/2002,Student
Laurie,Lambert,Female,02/05/2004,Student
Jason,Bond,Male,2/25/05,Student
Dr.Vanessa,Patton,Female,7/16/87,Faculty
Dr.Darius,Garrett,Male,06/03/1965,Faculty
Tommy,Vega,Male,06/10/2005,Student
Frederick,Gonzales,Male,01/12/2001,Student
Larry,Sheppard,Male,11/09/2003,Student
Heather,Hicks,Female,01/02/2003,Student
Dr.Natalie,Kelly,Female,9/17/60,Faculty
Madison,Walker,Female,06/05/2004,Student
Dr.Sherry,Hubbard,Female,5/24/85,Faculty
Colleen,Hill,Female,9/15/03,Student
Dr.Brian,Price,Male,08/02/1978,Faculty
Dr.Dustin,Johnson,Male,01/07/1966,Faculty
Anthony,Carrillo,Male,1/14/05,Student
Shawn,Love,Male,10/25/02,Student
Laurie,Mitchell,Female,5/15/05,Student
Diana,Gilmore,Female,04/12/2005,Student
Tracie,Colon,Female,05/11/2003,Student
Bradley,Bolton,Male,05/10/2004,Student
Stephanie,Nicholson,Female,10/28/01,Student
Robert,Marquez,Male,2/18/01,Student
Dr.Lauren,Johnson,Female,01/11/1975,Faculty
Dustin,Evans,Male,2/21/02,Student
Natalie,Miller,Female,1/19/04,Student
Aaron,Gallegos,Male,08/04/2001,Student
Richard,Esparza,Male,11/10/2003,Student
Harry,Walker,Male,10/21/00,Student
Justin,Horton,Male,08/10/2004,Student
Dr.Shelby,Richardson,Female,06/10/1963,Faculty
Ashley,Knox,Female,5/16/02,Student
Michael,Berger,Male,6/28/04,Student
Cynthia,Stephens,Female,8/20/01,Student
Margaret,French,Female,11/06/2001,Student
James,Walker,Male,04/06/2004,Student
Andrew,Chambers,Male,7/26/03,Student
Caroline,Holland,Female,12/24/02,Student
Dr.Michael,Jones,Male,12/08/1953,Faculty
Patrick,Mcdaniel,Male,04/08/2001,Student
Jasmine,Freeman,Female,5/23/04,Student
Katherine,Moore,Female,8/14/03,Student
Maria,Edwards,Female,8/27/02,Student
Craig,Lyons,Male,10/23/03,Student
Luis,Johnson,Male,8/31/01,Student
Tonya,Johnston,Female,02/11/2004,Student
John,Miller,Male,10/24/02,Student
Julia,Lee,Female,07/05/2005,Student
Connie,Colon,Female,12/04/2002,Student
Dr.Jonathan,Espinoza,Male,07/05/1958,Faculty
Elizabeth,Tanner,Female,1/30/04,Student
Cindy,Patterson,Female,02/10/2002,Student
Dr.Robert,Hall,Male,6/29/65,Faculty
Dr.Alexa,Fletcher,Female,09/05/1954,Faculty
Rachel,Kaufman,Female,9/20/03,Student
Dr.William,Golden,Male,08/08/1964,Faculty
Richard,Wood,Male,10/10/2003,Student
Daniel,Smith,Male,03/03/2001,Student
Dr.Michelle,Anderson,Female,05/02/1976,Faculty
Miguel,Williams,Male,1/21/01,Student
Troy,Johnson,Male,1/15/04,Student
Colin,Smith,Male,3/31/01,Student
Kevin,Craig,Male,12/14/00,Student
Jason,Padilla,Male,8/25/00,Student
Aaron,Robles,Male,03/07/2005,Student
Bethany,Huynh,Female,03/04/2001,Student
David,Velazquez,Male,07/05/2003,Student
Dr.Kimberly,Roberts,Female,1/27/71,Faculty
Jessica,Gaines,Female,07/01/2001,Student
Dr.Garrett,Berry,Male,11/28/77,Faculty
William,Thomas,Male,10/05/2002,Student
Karen,Hobbs,Female,10/11/2001,Student
Brian,Chavez,Male,8/24/03,Student
Dr.Brenda,Peterson,Female,6/16/78,Faculty
Julie,Sheppard,Female,4/28/01,Student
Dr.Kellie,Phillips,Female,9/24/66,Faculty
Caitlin,Rhodes,Female,07/09/2001,Student
Kimberly,Sullivan,Female,7/26/04,Student
Jason,Franco,Male,07/12/2001,Student
Dr.Jennifer,Barton,Female,11/11/1955,Faculty
Dr.Robert,Matthews,Male,10/13/69,Faculty
Dr.Christopher,Bartlett,Male,3/14/89,Faculty
Dr.Douglas,Ali,Male,5/17/82,Faculty
Dr.Emily,Wallace,Female,09/07/1955,Faculty
Miranda,Hawkins,Female,6/28/01,Student
Cynthia,Carter,Female,3/25/02,Student
Amanda,Lopez,Female,4/13/03,Student
Stephanie,Green,Female,11/30/00,Student
Emily,Miles,Female,2/18/02,Student
Lisa,Thompson,Female,1/25/01,Student
Cathy,Perry,Female,07/05/2004,Student
Jennifer,Nunez,Female,10/08/2002,Student
Michael,Kane,Male,4/22/01,Student
Andrea,Cruz,Female,6/19/05,Student
Rodney,Ferguson,Male,06/02/2002,Student
William,Moore,Male,3/18/03,Student
Kelly,Fisher,Female,11/13/01,Student
David,Macias,Male,07/05/2001,Student
Amy,Downs,Female,4/29/02,Student
Taylor,Hicks,Male,12/09/2003,Student
Jennifer,Scott,Female,11/26/01,Student
Charles,Hunt,Male,01/04/2003,Student
Donald,Clark,Male,07/06/2005,Student
Dr.Mary,Fields,Female,12/07/1953,Faculty
Erica,Dennis,Female,11/14/04,Student
Bethany,Spencer,Female,1/29/05,Student
Dr.Raymond,Carpenter,Male,02/01/1972,Faculty
Sara,Davis,Female,8/15/02,Student
William,Shelton,Male,7/22/04,Student
Kelly,Cox,Male,3/21/04,Student
Mathew,Atkins,Male,10/21/01,Student
Donald,Rodriguez,Male,10/24/02,Student
Mason,Morris,Male,2/25/02,Student
Richard,Perez,Male,10/05/2000,Student
Dr.Amy,Turner,Female,6/24/56,Faculty
Catherine,Hill,Female,8/29/04,Student
Jeremy,Hudson,Male,5/15/01,Student
Dr.Derrick,Cox,Male,03/09/1969,Faculty
Kimberly,Villanueva,Female,10/21/04,Student
Yvonne,Luna,Female,10/25/00,Student
Jared,Cummings,Male,03/11/2002,Student
Stephanie,Baxter,Female,3/23/01,Student
Laura,Richardson,Female,4/28/05,Student
Christopher,Thompson,Male,7/27/04,Student
Dr.Brittany,Blankenship,Female,05/04/1978,Faculty
Dr.Louis,Neal,Male,10/31/56,Faculty
Dr.Sandra,Sellers,Female,1/26/84,Faculty
Joshua,Young,Male,10/05/2004,Student
Lauren,Ortiz,Female,2/15/03,Student
Andrea,Randolph,Female,4/30/05,Student
Katie,Richardson,Female,10/29/04,Student
Jennifer,Mcdaniel,Female,11/02/2001,Student
Kevin,Wright,Male,03/01/2005,Student
Jeffrey,Brown,Male,8/20/01,Student
Dr.Donald,Harmon,Male,10/30/68,Faculty
Tyrone,Bennett,Male,3/15/04,Student
Crystal,Hall,Female,12/01/2004,Student
Catherine,Hayes,Female,6/17/04,Student
Dr.Wendy,Campbell,Female,6/24/89,Faculty
Dr.Matthew,Newman,Male,9/28/60,Faculty
Mark,Franco,Male,11/20/00,Student
Dr.Beth,Rodriguez,Female,2/15/65,Faculty
Judith,Kelly,Female,3/31/03,Student
Perry,Peters,Male,12/21/00,Student
Marie,Mills,Female,11/27/02,Student
Debbie,Jones,Female,6/16/02,Student
Joshua,Jones,Male,08/12/2003,Student
Dr.Patricia,Jones,Female,11/05/1970,Faculty
Andrew,Hall,Male,2/25/04,Student
David,Ramsey,Male,3/23/04,Student
Suzanne,Wright,Female,9/26/01,Student
Wendy,Washington,Female,08/02/2001,Student
Nicole,Ward,Female,5/25/03,Student
David,Ramos,Male,11/16/01,Student
Crystal,Frank,Female,5/26/05,Student
Kenneth,Burch,Male,12/29/02,Student
Richard,Williams,Male,09/09/2002,Student
Sherry,Newton,Female,12/15/04,Student
Sandra,White,Female,6/13/02,Student
Jacqueline,Hammond,Female,03/02/2002,Student
Scott,Cuevas,Male,04/05/2002,Student
Dr.Jeffrey,Pennington,Male,1/23/79,Faculty
Michael,Stanley,Male,3/23/03,Student
Jonathan,Clark,Male,2/24/02,Student
Ryan,Villanueva,Male,9/17/00,Student
Robert,Pace,Male,02/04/2001,Student
Tanner,Baker,Male,10/29/04,Student
Dr.Gregory,Nguyen,Male,2/15/64,Faculty
Jeffrey,Maldonado,Male,10/12/2000,Student
Daniel,Williams,Male,7/26/03,Student
Dr.Robyn,Weber,Female,7/19/69,Faculty
Dr.Ryan,Baker,Male,10/19/55,Faculty
Dr.Cynthia,Collins,Female,7/20/78,Faculty
Sandra,Morse,Female,9/14/01,Student
Eric,Rodriguez,Male,06/08/2001,Student
Terry,Perez,Male,04/08/2003,Student
Eric,Burns,Male,05/02/2002,Student
Steven,Glover,Male,3/30/05,Student
Anthony,Ware,Male,10/24/04,Student
Stephanie,Moss,Female,4/25/05,Student
Sheena,Wilson,Female,8/25/01,Student
Leah,Bond,Female,10/06/2003,Student
Dr.Tony,Hutchinson,Male,10/21/69,Faculty
Nathaniel,Patton,Male,10/07/2000,Student
Michael,Frye,Male,09/09/2000,Student
Dr.Adam,Pham,Male,2/28/69,Faculty
Johnny,Adams,Male,07/03/2005,Student
Adam,Fox,Male,5/24/05,Student
Christine,Gutierrez,Female,08/10/2001,Student
Cassandra,Thomas,Female,9/26/03,Student
Patricia,Steele,Female,03/06/2001,Student
Robert,Braun,Male,05/08/2005,Student
Samuel,Figueroa,Male,04/03/2004,Student
Dr.Kathleen,Mendoza,Female,10/16/82,Faculty
Michael,Fernandez,Male,04/03/2005,Student
John,Warren,Male,4/26/02,Student
Tina,Bowman,Female,11/05/2000,Student
Jennifer,Lucas,Female,5/28/03,Student
Brian,Edwards,Male,3/20/03,Student
Dr.Holly,Gibbs,Female,1/16/68,Faculty
Annette,Mcdonald,Female,10/01/2000,Student
Thomas,Yates,Male,3/15/03,Student
Dawn,Gibbs,Female,1/16/04,Student
Dr.Stephanie,Smith,Female,08/08/1954,Faculty
Dr.Jordan,Mathis,Male,9/30/64,Faculty
Dr.John,Williams,Male,01/01/1989,Faculty
Jake,Blair,Male,04/10/2003,Student
Cindy,Anderson,Female,01/12/2002,Student
Brandy,Miller,Female,10/09/2003,Student
Keith,Gomez,Male,12/20/04,Student
Dr.Tiffany,Estrada,Female,02/07/1971,Faculty
Bryan,Buchanan,Male,06/05/2004,Student
Diana,Ramirez,Female,7/21/01,Student
Maurice,Strickland,Male,10/14/02,Student
Dr.Stacy,Harris,Female,10/17/62,Faculty
Dr.Jordan,Horton,Female,9/30/57,Faculty
Jason,Chang,Male,6/20/04,Student
Chelsea,Caldwell,Female,3/25/05,Student
Julie,Williams,Female,11/18/03,Student
Catherine,French,Female,9/14/02,Student
Austin,Ballard,Male,08/12/2000,Student
Jeremy,Parrish,Male,05/10/2005,Student
Tyler,Perry,Male,01/01/2002,Student
Danielle,Ellison,Female,6/21/03,Student
Kim,Brown,Female,02/06/2003,Student
Dr.William,Solis,Male,10/12/1985,Faculty
Stanley,Anderson,Male,4/22/02,Student
David,Anderson,Male,9/13/00,Student
Dr.Matthew,Mcintyre,Male,11/27/78,Faculty
Amy,Mcdonald,Female,12/19/04,Student
Vanessa,Bush,Female,1/19/05,Student
Heather,Brewer,Female,05/12/2003,Student
Elizabeth,Gilbert,Female,1/16/04,Student
Brandon,Harris,Male,4/19/05,Student
Dana,Noble,Female,5/20/03,Student
Colton,Patterson,Male,9/24/00,Student
Debra,Moore,Female,06/08/2003,Student
Dr.Randy,Hale,Male,11/30/53,Faculty
Andrew,Smith,Male,5/25/04,Student
Daniel,Cunningham,Male,2/19/05,Student
Thomas,Brown,Male,03/07/2003,Student
Dr.Mary,Duffy,Female,07/12/1987,Faculty
Dr.Shawn,Greene,Male,2/22/77,Faculty
Richard,Schaefer,Male,12/22/04,Student
Rachel,Perry,Female,03/07/2003,Student
Kurt,Simmons,Male,07/06/2003,Student
Bradley,Nguyen,Male,05/05/2003,Student
Kendra,Hobbs,Female,04/02/2005,Student
Alyssa,Harris,Female,11/26/01,Student
Sara,Logan,Female,07/11/2004,Student
Jason,Archer,Male,2/16/01,Student
Kimberly,Craig,Female,9/27/00,Student
Robert,Wolfe,Male,09/01/2002,Student
Dr.Diana,Savage,Female,3/17/60,Faculty
Alvin,Shepherd,Male,03/04/2004,Student
Dr.Robert,Fry,Male,12/15/83,Faculty
Shawn,Gonzalez,Male,8/16/03,Student
Patricia,Williamson,Female,4/18/02,Student
Dr.Matthew,Huerta,Male,2/22/89,Faculty
Katie,Martin,Female,2/15/04,Student
Melissa,Mann,Female,11/22/01,Student
Michael,Cervantes,Male,12/04/2003,Student
Kelly,Chavez,Female,9/26/03,Student
Megan,Jordan,Female,12/24/03,Student
Nicholas,Sanders,Male,11/06/2001,Student
Sean,Lucas,Male,9/25/01,Student
April,Ferguson,Female,11/23/04,Student
Melanie,Young,Female,1/22/04,Student
Olivia,Rangel,Female,3/13/03,Student
Amy,Thomas,Female,12/16/04,Student
Dr.Diana,Hunter,Female,2/20/65,Faculty
Dr.Hannah,Gillespie,Female,4/30/54,Faculty
Brittany,Patterson,Female,08/05/2003,Student
Janet,Neal,Female,11/23/00,Student
Anthony,Miller,Male,11/14/01,Student
Dr.Timothy,Baxter,Male,5/23/78,Faculty
Jessica,Powers,Female,4/13/02,Student
Daniel,Holloway,Male,10/03/2004,Student
David,Becker,Male,7/16/03,Student
Katherine,Knight,Female,10/03/2003,Student
Donna,Williams,Female,05/04/2002,Student
Kristen,Medina,Female,11/30/04,Student
